campaign,ad_group,match_type,keyword,final_url,headline_1,headline_2,headline_3,description_1,description_2,path_1,path_2
805_VC_Search_Consultations,Free Consultation,phrase,free window treatment consultation,https://www.805shutters.com/free-window-treatment-consultation/?utm_source=google&utm_medium=paid_search&utm_campaign=search_consultations&utm_content=free_consultation_ad&utm_term=free_window_treatment_consultation,Free Window Consultation,805 Shutters,Free In-Home Visit,Compare shutters shades and blinds with a local Ventura County installer.,Call or request a free consultation for custom measuring and installation.,free-consultation,ventura-county
805_VC_Search_Consultations,Free Consultation,phrase,window treatment consultation near me,https://www.805shutters.com/free-window-treatment-consultation/?utm_source=google&utm_medium=paid_search&utm_campaign=search_consultations&utm_content=free_consultation_ad&utm_term=window_treatment_consultation_near_me,Free Window Consultation,Ventura County Installer,Shutters Shades Blinds,Local product guidance for shutters shades blinds drapery and exterior shades.,Start with a free in-home consultation from 805 Shutters.,free-consultation,near-me
805_VC_Search_Consultations,Shutters,phrase,plantation shutters ventura county,https://www.805shutters.com/free-window-treatment-consultation/?utm_source=google&utm_medium=paid_search&utm_campaign=search_consultations&utm_content=shutters_ad&utm_term=plantation_shutters_ventura_county,Plantation Shutters,Free Consultation,805 Shutters,Custom shutters measured and installed across Ventura County.,Compare louver size materials frames colors and specialty windows.,shutters,ventura-county
805_VC_Search_Consultations,Shutters,phrase,custom shutters near me,https://www.805shutters.com/free-window-treatment-consultation/?utm_source=google&utm_medium=paid_search&utm_campaign=search_consultations&utm_content=shutters_ad&utm_term=custom_shutters_near_me,Custom Shutters Near You,Free In-Home Visit,Local Installation,Get custom shutter recommendations for your room windows and budget.,805 Shutters serves Camarillo Thousand Oaks Ventura Oxnard and nearby cities.,custom-shutters,near-me
805_VC_Search_Consultations,Shades,phrase,custom window shades ventura county,https://www.805shutters.com/free-window-treatment-consultation/?utm_source=google&utm_medium=paid_search&utm_campaign=search_consultations&utm_content=shades_ad&utm_term=custom_window_shades_ventura_county,Custom Window Shades,Free Consultation,805 Shutters,Compare roller honeycomb woven Roman room-darkening and motorized shades.,Local measuring and installation for Ventura County homes and businesses.,window-shades,ventura-county
805_VC_Search_Consultations,Shades,phrase,motorized shades ventura county,https://www.805shutters.com/free-window-treatment-consultation/?utm_source=google&utm_medium=paid_search&utm_campaign=search_consultations&utm_content=shades_ad&utm_term=motorized_shades_ventura_county,Motorized Shades,Free Consultation,Ventura County,Plan motorized shades for patios tall glass bedrooms and living spaces.,805 Shutters helps compare controls fabrics privacy and light control.,motorized-shades,ventura
805_VC_Search_Consultations,Blinds,phrase,custom blinds ventura county,https://www.805shutters.com/free-window-treatment-consultation/?utm_source=google&utm_medium=paid_search&utm_campaign=search_consultations&utm_content=blinds_ad&utm_term=custom_blinds_ventura_county,Custom Blinds,Free Consultation,Local Installation,Wood faux wood aluminum vertical and softwood blinds measured locally.,Request a free consultation from 805 Shutters.,custom-blinds,ventura
805_VC_Search_Consultations,Commercial,phrase,commercial window coverings ventura county,https://www.805shutters.com/commercial-window-coverings/?utm_source=google&utm_medium=paid_search&utm_campaign=search_commercial&utm_content=commercial_coverings_ad&utm_term=commercial_window_coverings_ventura_county,Commercial Window Coverings,Free Shade Audit,805 Shutters,Roller shades and coverings for offices storefronts schools and medical spaces.,Plan glare heat privacy safety and replacement priorities.,commercial,coverings
805_VC_Search_Consultations,Commercial,phrase,commercial roller shades ventura county,https://www.805shutters.com/commercial-window-coverings/?utm_source=google&utm_medium=paid_search&utm_campaign=search_commercial&utm_content=commercial_roller_shades_ad&utm_term=commercial_roller_shades_ventura_county,Commercial Roller Shades,Free Shade Audit,Ventura County,Roller shade planning for offices storefronts schools and shared workspaces.,Local commercial measuring recommendations and installation.,roller-shades,commercial
