business,creative,headline,button,square_asset,portrait_asset,destination,status
805 Shutters,layered-shades,Meet your light-control layers.,Book Now,ad-layered-shades-1x1.jpg,ad-layered-shades-4x5.jpg,https://www.805shutters.com/book-consultation/?utm_source=facebook&utm_medium=paid_social&utm_campaign=805_free_consultation&utm_content=layered-shades-book-now,DRAFT - NOT LAUNCHED
805 Shutters,layered-shades,Meet your light-control layers.,Call Now,ad-layered-shades-1x1.jpg,ad-layered-shades-4x5.jpg,tel:+18058069344,DRAFT - NOT LAUNCHED
805 Shutters,exterior-shades,Is afternoon sun cutting patio time short?,Book Now,ad-exterior-shades-1x1.jpg,ad-exterior-shades-4x5.jpg,https://www.805shutters.com/book-consultation/?utm_source=facebook&utm_medium=paid_social&utm_campaign=805_free_consultation&utm_content=exterior-shades-book-now,DRAFT - NOT LAUNCHED
805 Shutters,exterior-shades,Is afternoon sun cutting patio time short?,Call Now,ad-exterior-shades-1x1.jpg,ad-exterior-shades-4x5.jpg,tel:+18058069344,DRAFT - NOT LAUNCHED
805 Shutters,shutters,Custom shutters. Free in-home consultation.,Book Now,ad-shutters-1x1.jpg,ad-shutters-4x5.jpg,https://www.805shutters.com/book-consultation/?utm_source=facebook&utm_medium=paid_social&utm_campaign=805_free_consultation&utm_content=shutters-book-now,DRAFT - NOT LAUNCHED
805 Shutters,shutters,Custom shutters. Free in-home consultation.,Call Now,ad-shutters-1x1.jpg,ad-shutters-4x5.jpg,tel:+18058069344,DRAFT - NOT LAUNCHED
805 Shutters,roman-shades,Which fabric would you choose?,Book Now,ad-roman-shades-1x1.jpg,ad-roman-shades-4x5.jpg,https://www.805shutters.com/book-consultation/?utm_source=facebook&utm_medium=paid_social&utm_campaign=805_free_consultation&utm_content=roman-shades-book-now,DRAFT - NOT LAUNCHED
805 Shutters,roman-shades,Which fabric would you choose?,Call Now,ad-roman-shades-1x1.jpg,ad-roman-shades-4x5.jpg,tel:+18058069344,DRAFT - NOT LAUNCHED
805 Shutters,drapery,Beautifully pulled together.,Book Now,ad-drapery-1x1.jpg,ad-drapery-4x5.jpg,https://www.805shutters.com/book-consultation/?utm_source=facebook&utm_medium=paid_social&utm_campaign=805_free_consultation&utm_content=drapery-book-now,DRAFT - NOT LAUNCHED
805 Shutters,drapery,Beautifully pulled together.,Call Now,ad-drapery-1x1.jpg,ad-drapery-4x5.jpg,tel:+18058069344,DRAFT - NOT LAUNCHED
805 Shutters,woven-shades,Bring texture home.,Book Now,ad-woven-shades-1x1.jpg,ad-woven-shades-4x5.jpg,https://www.805shutters.com/book-consultation/?utm_source=facebook&utm_medium=paid_social&utm_campaign=805_free_consultation&utm_content=woven-shades-book-now,DRAFT - NOT LAUNCHED
805 Shutters,woven-shades,Bring texture home.,Call Now,ad-woven-shades-1x1.jpg,ad-woven-shades-4x5.jpg,tel:+18058069344,DRAFT - NOT LAUNCHED
