width,height,color,customSkus,documentedExactBoundaryDonors,dealerMerchandiseCost,customerBaseRetail,sourceEffectiveDate,source,result,liveStatus,exception
17.0,36,White,CAMX1736W,AMX1736WH,21.48,64.44,,"Lotus.pdf p20-24,97; Digital Catalog V1.1.25 p12-13,34",source_supported_exact_boundary,unresolved_exception,Exact boundary geometry/source only; current account price authority and all-in dealer cost remain incomplete; production evidence is representative
17.0,36,Alabaster,,,21.48,64.44,,"Lotus.pdf p20-24,97; Digital Catalog V1.1.25 p12-13,34",color_ordering_sku_missing,unresolved_exception,Exact boundary geometry/source only; current account price authority and all-in dealer cost remain incomplete; production evidence is representative
23.0,36,White,CAMX2336W,AMX2336WH,23.8,71.4,,"Lotus.pdf p20-24,97; Digital Catalog V1.1.25 p12-13,34",source_supported_exact_boundary,unresolved_exception,Exact boundary geometry/source only; current account price authority and all-in dealer cost remain incomplete; production evidence is representative
23.0,36,Alabaster,CAMX2336A,AMX2336AL,23.8,71.4,,"Lotus.pdf p20-24,97; Digital Catalog V1.1.25 p12-13,34",source_supported_exact_boundary,unresolved_exception,Exact boundary geometry/source only; current account price authority and all-in dealer cost remain incomplete; production evidence is representative
27.0,36,White,CAMX2736W,AMX2736WH,26.72,80.16,,"Lotus.pdf p20-24,97; Digital Catalog V1.1.25 p12-13,34",source_supported_exact_boundary,unresolved_exception,Exact boundary geometry/source only; current account price authority and all-in dealer cost remain incomplete; production evidence is representative
27.0,36,Alabaster,CAMX2736A,,26.72,80.16,,"Lotus.pdf p20-24,97; Digital Catalog V1.1.25 p12-13,34",exact_boundary_stock_donor_missing,unresolved_exception,Exact boundary geometry/source only; current account price authority and all-in dealer cost remain incomplete; production evidence is representative
30.0,36,White,CAMX3036W,AMX3036WH,28.91,86.73,,"Lotus.pdf p20-24,97; Digital Catalog V1.1.25 p12-13,34",source_supported_exact_boundary,unresolved_exception,Exact boundary geometry/source only; current account price authority and all-in dealer cost remain incomplete; production evidence is representative
30.0,36,Alabaster,,,28.91,86.73,,"Lotus.pdf p20-24,97; Digital Catalog V1.1.25 p12-13,34",color_ordering_sku_missing,unresolved_exception,Exact boundary geometry/source only; current account price authority and all-in dealer cost remain incomplete; production evidence is representative
35.0,36,White,CAMX3536W,AMX3536WH,24.89,74.67,,"Lotus.pdf p20-24,97; Digital Catalog V1.1.25 p12-13,34",source_supported_exact_boundary,unresolved_exception,Exact boundary geometry/source only; current account price authority and all-in dealer cost remain incomplete; production evidence is representative
35.0,36,Alabaster,,,24.89,74.67,,"Lotus.pdf p20-24,97; Digital Catalog V1.1.25 p12-13,34",color_ordering_sku_missing,unresolved_exception,Exact boundary geometry/source only; current account price authority and all-in dealer cost remain incomplete; production evidence is representative
39.0,36,White,CAMX3936W,AMX3936WH,26.94,80.82,,"Lotus.pdf p20-24,97; Digital Catalog V1.1.25 p12-13,34",source_supported_exact_boundary,unresolved_exception,Exact boundary geometry/source only; current account price authority and all-in dealer cost remain incomplete; production evidence is representative
39.0,36,Alabaster,,,26.94,80.82,,"Lotus.pdf p20-24,97; Digital Catalog V1.1.25 p12-13,34",color_ordering_sku_missing,unresolved_exception,Exact boundary geometry/source only; current account price authority and all-in dealer cost remain incomplete; production evidence is representative
43.0,36,White,CAMX4336W,AMX4336WH,28.97,86.91,,"Lotus.pdf p20-24,97; Digital Catalog V1.1.25 p12-13,34",source_supported_exact_boundary,unresolved_exception,Exact boundary geometry/source only; current account price authority and all-in dealer cost remain incomplete; production evidence is representative
43.0,36,Alabaster,,,28.97,86.91,,"Lotus.pdf p20-24,97; Digital Catalog V1.1.25 p12-13,34",color_ordering_sku_missing,unresolved_exception,Exact boundary geometry/source only; current account price authority and all-in dealer cost remain incomplete; production evidence is representative
48.0,36,White,CAMX4836W,AMX4836WH,31.53,94.59,,"Lotus.pdf p20-24,97; Digital Catalog V1.1.25 p12-13,34",source_supported_exact_boundary,unresolved_exception,Exact boundary geometry/source only; current account price authority and all-in dealer cost remain incomplete; production evidence is representative
48.0,36,Alabaster,CAMX4836A,AMX4836AL,31.53,94.59,,"Lotus.pdf p20-24,97; Digital Catalog V1.1.25 p12-13,34",source_supported_exact_boundary,unresolved_exception,Exact boundary geometry/source only; current account price authority and all-in dealer cost remain incomplete; production evidence is representative
54.0,36,White,CAMX5436W,AMX5436WH,34.59,103.77,,"Lotus.pdf p20-24,97; Digital Catalog V1.1.25 p12-13,34",source_supported_exact_boundary,unresolved_exception,Exact boundary geometry/source only; current account price authority and all-in dealer cost remain incomplete; production evidence is representative
54.0,36,Alabaster,,,34.59,103.77,,"Lotus.pdf p20-24,97; Digital Catalog V1.1.25 p12-13,34",color_ordering_sku_missing,unresolved_exception,Exact boundary geometry/source only; current account price authority and all-in dealer cost remain incomplete; production evidence is representative
59.0,36,White,CAMX5936W,AMX5936WH,37.16,111.48,,"Lotus.pdf p20-24,97; Digital Catalog V1.1.25 p12-13,34",source_supported_exact_boundary,unresolved_exception,Exact boundary geometry/source only; current account price authority and all-in dealer cost remain incomplete; production evidence is representative
59.0,36,Alabaster,CAMX5936A,,37.16,111.48,,"Lotus.pdf p20-24,97; Digital Catalog V1.1.25 p12-13,34",exact_boundary_stock_donor_missing,unresolved_exception,Exact boundary geometry/source only; current account price authority and all-in dealer cost remain incomplete; production evidence is representative
63.0,36,White,CAMX6336W,AMX6336WH,39.19,117.57,,"Lotus.pdf p20-24,97; Digital Catalog V1.1.25 p12-13,34",source_supported_exact_boundary,unresolved_exception,Exact boundary geometry/source only; current account price authority and all-in dealer cost remain incomplete; production evidence is representative
63.0,36,Alabaster,,,39.19,117.57,,"Lotus.pdf p20-24,97; Digital Catalog V1.1.25 p12-13,34",color_ordering_sku_missing,unresolved_exception,Exact boundary geometry/source only; current account price authority and all-in dealer cost remain incomplete; production evidence is representative
69.0,36,White,CAMX6936W,AMX6936WH,42.26,126.78,,"Lotus.pdf p20-24,97; Digital Catalog V1.1.25 p12-13,34",source_supported_exact_boundary,unresolved_exception,Exact boundary geometry/source only; current account price authority and all-in dealer cost remain incomplete; production evidence is representative
69.0,36,Alabaster,,,42.26,126.78,,"Lotus.pdf p20-24,97; Digital Catalog V1.1.25 p12-13,34",color_ordering_sku_missing,unresolved_exception,Exact boundary geometry/source only; current account price authority and all-in dealer cost remain incomplete; production evidence is representative
72.0,36,White,CAMX7236W,AMX7236WH,43.79,131.37,,"Lotus.pdf p20-24,97; Digital Catalog V1.1.25 p12-13,34",source_supported_exact_boundary,unresolved_exception,Exact boundary geometry/source only; current account price authority and all-in dealer cost remain incomplete; production evidence is representative
72.0,36,Alabaster,CAMX7236A,,43.79,131.37,,"Lotus.pdf p20-24,97; Digital Catalog V1.1.25 p12-13,34",exact_boundary_stock_donor_missing,unresolved_exception,Exact boundary geometry/source only; current account price authority and all-in dealer cost remain incomplete; production evidence is representative
78.0,36,White,CAMX7836W,AMX7836WH,77.45,232.35,,"Lotus.pdf p20-24,97; Digital Catalog V1.1.25 p12-13,34",source_supported_exact_boundary,unresolved_exception,Exact boundary geometry/source only; current account price authority and all-in dealer cost remain incomplete; production evidence is representative
78.0,36,Alabaster,,,77.45,232.35,,"Lotus.pdf p20-24,97; Digital Catalog V1.1.25 p12-13,34",color_ordering_sku_missing,unresolved_exception,Exact boundary geometry/source only; current account price authority and all-in dealer cost remain incomplete; production evidence is representative
82.5,36,White,CAMX82536W,AMX82536WH,81.48,244.44,,"Lotus.pdf p20-24,97; Digital Catalog V1.1.25 p12-13,34",source_supported_exact_boundary,unresolved_exception,Exact boundary geometry/source only; current account price authority and all-in dealer cost remain incomplete; production evidence is representative
82.5,36,Alabaster,,,81.48,244.44,,"Lotus.pdf p20-24,97; Digital Catalog V1.1.25 p12-13,34",color_ordering_sku_missing,unresolved_exception,Exact boundary geometry/source only; current account price authority and all-in dealer cost remain incomplete; production evidence is representative
89.0,36,White,CAMX8936W,AMX8936WH,87.25,261.75,,"Lotus.pdf p20-24,97; Digital Catalog V1.1.25 p12-13,34",source_supported_exact_boundary,unresolved_exception,Exact boundary geometry/source only; current account price authority and all-in dealer cost remain incomplete; production evidence is representative
89.0,36,Alabaster,,,87.25,261.75,,"Lotus.pdf p20-24,97; Digital Catalog V1.1.25 p12-13,34",color_ordering_sku_missing,unresolved_exception,Exact boundary geometry/source only; current account price authority and all-in dealer cost remain incomplete; production evidence is representative
95.0,36,White,CAMX9536W,AMX9536WH,92.59,277.77,,"Lotus.pdf p20-24,97; Digital Catalog V1.1.25 p12-13,34",source_supported_exact_boundary,unresolved_exception,Exact boundary geometry/source only; current account price authority and all-in dealer cost remain incomplete; production evidence is representative
95.0,36,Alabaster,,,92.59,277.77,,"Lotus.pdf p20-24,97; Digital Catalog V1.1.25 p12-13,34",color_ordering_sku_missing,unresolved_exception,Exact boundary geometry/source only; current account price authority and all-in dealer cost remain incomplete; production evidence is representative
17.0,48,White,CAMX1748W,AMX1748WH,23.56,70.68,,"Lotus.pdf p20-24,97; Digital Catalog V1.1.25 p12-13,34",source_supported_exact_boundary,unresolved_exception,Exact boundary geometry/source only; current account price authority and all-in dealer cost remain incomplete; production evidence is representative
17.0,48,Alabaster,,,23.56,70.68,,"Lotus.pdf p20-24,97; Digital Catalog V1.1.25 p12-13,34",color_ordering_sku_missing,unresolved_exception,Exact boundary geometry/source only; current account price authority and all-in dealer cost remain incomplete; production evidence is representative
23.0,48,White,CAMX2348W,AMX2348WH,22.67,68.01,,"Lotus.pdf p20-24,97; Digital Catalog V1.1.25 p12-13,34",source_supported_exact_boundary,unresolved_exception,Exact boundary geometry/source only; current account price authority and all-in dealer cost remain incomplete; production evidence is representative
23.0,48,Alabaster,CAMX2348A,AMX2348AL,22.67,68.01,,"Lotus.pdf p20-24,97; Digital Catalog V1.1.25 p12-13,34",source_supported_exact_boundary,unresolved_exception,Exact boundary geometry/source only; current account price authority and all-in dealer cost remain incomplete; production evidence is representative
27.0,48,White,CAMX2748W,AMX2748WH,25.4,76.2,,"Lotus.pdf p20-24,97; Digital Catalog V1.1.25 p12-13,34",source_supported_exact_boundary,unresolved_exception,Exact boundary geometry/source only; current account price authority and all-in dealer cost remain incomplete; production evidence is representative
27.0,48,Alabaster,CAMX2748A,AMX2748AL,25.4,76.2,,"Lotus.pdf p20-24,97; Digital Catalog V1.1.25 p12-13,34",source_supported_exact_boundary,unresolved_exception,Exact boundary geometry/source only; current account price authority and all-in dealer cost remain incomplete; production evidence is representative
30.0,48,White,CAMX3048W,AMX3048WH,24.3,72.9,,"Lotus.pdf p20-24,97; Digital Catalog V1.1.25 p12-13,34",source_supported_exact_boundary,unresolved_exception,Exact boundary geometry/source only; current account price authority and all-in dealer cost remain incomplete; production evidence is representative
30.0,48,Alabaster,CAMX3048A,AMX3048AL,24.3,72.9,,"Lotus.pdf p20-24,97; Digital Catalog V1.1.25 p12-13,34",source_supported_exact_boundary,unresolved_exception,Exact boundary geometry/source only; current account price authority and all-in dealer cost remain incomplete; production evidence is representative
35.0,48,White,CAMX3548W,AMX3548WH,27.18,81.54,,"Lotus.pdf p20-24,97; Digital Catalog V1.1.25 p12-13,34",source_supported_exact_boundary,unresolved_exception,Exact boundary geometry/source only; current account price authority and all-in dealer cost remain incomplete; production evidence is representative
35.0,48,Alabaster,CAMX3548A,AMX3548AL,27.18,81.54,,"Lotus.pdf p20-24,97; Digital Catalog V1.1.25 p12-13,34",source_supported_exact_boundary,unresolved_exception,Exact boundary geometry/source only; current account price authority and all-in dealer cost remain incomplete; production evidence is representative
39.0,48,White,CAMX3948W,AMX3948WH,29.49,88.47,,"Lotus.pdf p20-24,97; Digital Catalog V1.1.25 p12-13,34",source_supported_exact_boundary,unresolved_exception,Exact boundary geometry/source only; current account price authority and all-in dealer cost remain incomplete; production evidence is representative
39.0,48,Alabaster,CAMX3948A,AMX3948AL,29.49,88.47,,"Lotus.pdf p20-24,97; Digital Catalog V1.1.25 p12-13,34",source_supported_exact_boundary,unresolved_exception,Exact boundary geometry/source only; current account price authority and all-in dealer cost remain incomplete; production evidence is representative
43.0,48,White,CAMX4348W,AMX4348WH,31.79,95.37,,"Lotus.pdf p20-24,97; Digital Catalog V1.1.25 p12-13,34",source_supported_exact_boundary,unresolved_exception,Exact boundary geometry/source only; current account price authority and all-in dealer cost remain incomplete; production evidence is representative
43.0,48,Alabaster,CAMX4348A,AMX4348AL,31.79,95.37,,"Lotus.pdf p20-24,97; Digital Catalog V1.1.25 p12-13,34",source_supported_exact_boundary,unresolved_exception,Exact boundary geometry/source only; current account price authority and all-in dealer cost remain incomplete; production evidence is representative
48.0,48,White,CAMX4848W,AMX4848WH,34.67,104.01,,"Lotus.pdf p20-24,97; Digital Catalog V1.1.25 p12-13,34",source_supported_exact_boundary,unresolved_exception,Exact boundary geometry/source only; current account price authority and all-in dealer cost remain incomplete; production evidence is representative
48.0,48,Alabaster,CAMX4848A,AMX4848AL,34.67,104.01,,"Lotus.pdf p20-24,97; Digital Catalog V1.1.25 p12-13,34",source_supported_exact_boundary,unresolved_exception,Exact boundary geometry/source only; current account price authority and all-in dealer cost remain incomplete; production evidence is representative
54.0,48,White,CAMX5448W,AMX5448WH,38.13,114.39,,"Lotus.pdf p20-24,97; Digital Catalog V1.1.25 p12-13,34",source_supported_exact_boundary,unresolved_exception,Exact boundary geometry/source only; current account price authority and all-in dealer cost remain incomplete; production evidence is representative
54.0,48,Alabaster,CAMX5448A,AMX5448AL,38.13,114.39,,"Lotus.pdf p20-24,97; Digital Catalog V1.1.25 p12-13,34",source_supported_exact_boundary,unresolved_exception,Exact boundary geometry/source only; current account price authority and all-in dealer cost remain incomplete; production evidence is representative
59.0,48,White,CAMX5948W,AMX5948WH,41.02,123.06,,"Lotus.pdf p20-24,97; Digital Catalog V1.1.25 p12-13,34",source_supported_exact_boundary,unresolved_exception,Exact boundary geometry/source only; current account price authority and all-in dealer cost remain incomplete; production evidence is representative
59.0,48,Alabaster,CAMX5948A,AMX5948AL,41.02,123.06,,"Lotus.pdf p20-24,97; Digital Catalog V1.1.25 p12-13,34",source_supported_exact_boundary,unresolved_exception,Exact boundary geometry/source only; current account price authority and all-in dealer cost remain incomplete; production evidence is representative
63.0,48,White,CAMX6348W,AMX6348WH,43.32,129.96,,"Lotus.pdf p20-24,97; Digital Catalog V1.1.25 p12-13,34",source_supported_exact_boundary,unresolved_exception,Exact boundary geometry/source only; current account price authority and all-in dealer cost remain incomplete; production evidence is representative
63.0,48,Alabaster,CAMX6348A,AMX6348AL,43.32,129.96,,"Lotus.pdf p20-24,97; Digital Catalog V1.1.25 p12-13,34",source_supported_exact_boundary,unresolved_exception,Exact boundary geometry/source only; current account price authority and all-in dealer cost remain incomplete; production evidence is representative
69.0,48,White,CAMX6948W,AMX6948WH,46.78,140.34,,"Lotus.pdf p20-24,97; Digital Catalog V1.1.25 p12-13,34",source_supported_exact_boundary,unresolved_exception,Exact boundary geometry/source only; current account price authority and all-in dealer cost remain incomplete; production evidence is representative
69.0,48,Alabaster,CAMX6948A,AMX6948AL,46.78,140.34,,"Lotus.pdf p20-24,97; Digital Catalog V1.1.25 p12-13,34",source_supported_exact_boundary,unresolved_exception,Exact boundary geometry/source only; current account price authority and all-in dealer cost remain incomplete; production evidence is representative
72.0,48,White,CAMX7248W,AMX7248WH,48.51,145.53,,"Lotus.pdf p20-24,97; Digital Catalog V1.1.25 p12-13,34",source_supported_exact_boundary,unresolved_exception,Exact boundary geometry/source only; current account price authority and all-in dealer cost remain incomplete; production evidence is representative
72.0,48,Alabaster,CAMX7248A,AMX7248AL,48.51,145.53,,"Lotus.pdf p20-24,97; Digital Catalog V1.1.25 p12-13,34",source_supported_exact_boundary,unresolved_exception,Exact boundary geometry/source only; current account price authority and all-in dealer cost remain incomplete; production evidence is representative
78.0,48,White,CAMX7848W,AMX7848WH,100.6,301.8,,"Lotus.pdf p20-24,97; Digital Catalog V1.1.25 p12-13,34",source_supported_exact_boundary,unresolved_exception,Exact boundary geometry/source only; current account price authority and all-in dealer cost remain incomplete; production evidence is representative
78.0,48,Alabaster,,AMX7848AL,100.6,301.8,,"Lotus.pdf p20-24,97; Digital Catalog V1.1.25 p12-13,34",color_ordering_sku_missing,unresolved_exception,Exact boundary geometry/source only; current account price authority and all-in dealer cost remain incomplete; production evidence is representative
82.5,48,White,CAMX82548W,,106.54,319.62,,"Lotus.pdf p20-24,97; Digital Catalog V1.1.25 p12-13,34",exact_boundary_stock_donor_missing,unresolved_exception,Exact boundary geometry/source only; current account price authority and all-in dealer cost remain incomplete; production evidence is representative
82.5,48,Alabaster,CAMX82548A,,106.54,319.62,,"Lotus.pdf p20-24,97; Digital Catalog V1.1.25 p12-13,34",exact_boundary_stock_donor_missing,unresolved_exception,Exact boundary geometry/source only; current account price authority and all-in dealer cost remain incomplete; production evidence is representative
89.0,48,White,CAMX8948W,AMX8948WH,113.68,341.04,,"Lotus.pdf p20-24,97; Digital Catalog V1.1.25 p12-13,34",source_supported_exact_boundary,unresolved_exception,Exact boundary geometry/source only; current account price authority and all-in dealer cost remain incomplete; production evidence is representative
89.0,48,Alabaster,CAMX8948A,AMX8948AL,113.68,341.04,,"Lotus.pdf p20-24,97; Digital Catalog V1.1.25 p12-13,34",source_supported_exact_boundary,unresolved_exception,Exact boundary geometry/source only; current account price authority and all-in dealer cost remain incomplete; production evidence is representative
95.0,48,White,CAMX9548W,AMX9548WH,120.79,362.37,,"Lotus.pdf p20-24,97; Digital Catalog V1.1.25 p12-13,34",source_supported_exact_boundary,unresolved_exception,Exact boundary geometry/source only; current account price authority and all-in dealer cost remain incomplete; production evidence is representative
95.0,48,Alabaster,CAMX9548A,AMX9548AL,120.79,362.37,,"Lotus.pdf p20-24,97; Digital Catalog V1.1.25 p12-13,34",source_supported_exact_boundary,unresolved_exception,Exact boundary geometry/source only; current account price authority and all-in dealer cost remain incomplete; production evidence is representative
17.0,60,White,CAMX1760W,AMX1760WH,21.48,64.44,,"Lotus.pdf p20-24,97; Digital Catalog V1.1.25 p12-13,34",source_supported_exact_boundary,unresolved_exception,Exact boundary geometry/source only; current account price authority and all-in dealer cost remain incomplete; production evidence is representative
17.0,60,Alabaster,,,21.48,64.44,,"Lotus.pdf p20-24,97; Digital Catalog V1.1.25 p12-13,34",color_ordering_sku_missing,unresolved_exception,Exact boundary geometry/source only; current account price authority and all-in dealer cost remain incomplete; production evidence is representative
23.0,60,White,CAMX2360W,AMX2360WH,26.6,79.8,,"Lotus.pdf p20-24,97; Digital Catalog V1.1.25 p12-13,34",source_supported_exact_boundary,unresolved_exception,Exact boundary geometry/source only; current account price authority and all-in dealer cost remain incomplete; production evidence is representative
23.0,60,Alabaster,CAMX2360A,AMX2360AL,26.6,79.8,,"Lotus.pdf p20-24,97; Digital Catalog V1.1.25 p12-13,34",source_supported_exact_boundary,unresolved_exception,Exact boundary geometry/source only; current account price authority and all-in dealer cost remain incomplete; production evidence is representative
27.0,60,White,CAMX2760W,AMX2760WH,23.08,69.24,,"Lotus.pdf p20-24,97; Digital Catalog V1.1.25 p12-13,34",source_supported_exact_boundary,unresolved_exception,Exact boundary geometry/source only; current account price authority and all-in dealer cost remain incomplete; production evidence is representative
27.0,60,Alabaster,CAMX2760A,AMX2760AL,23.08,69.24,,"Lotus.pdf p20-24,97; Digital Catalog V1.1.25 p12-13,34",source_supported_exact_boundary,unresolved_exception,Exact boundary geometry/source only; current account price authority and all-in dealer cost remain incomplete; production evidence is representative
30.0,60,White,CAMX3060W,AMX3060WH,24.87,74.61,,"Lotus.pdf p20-24,97; Digital Catalog V1.1.25 p12-13,34",source_supported_exact_boundary,unresolved_exception,Exact boundary geometry/source only; current account price authority and all-in dealer cost remain incomplete; production evidence is representative
30.0,60,Alabaster,CAMX3060A,AMX3060AL,24.87,74.61,,"Lotus.pdf p20-24,97; Digital Catalog V1.1.25 p12-13,34",source_supported_exact_boundary,unresolved_exception,Exact boundary geometry/source only; current account price authority and all-in dealer cost remain incomplete; production evidence is representative
35.0,60,White,CAMX3560W,AMX3560WH,27.84,83.52,,"Lotus.pdf p20-24,97; Digital Catalog V1.1.25 p12-13,34",source_supported_exact_boundary,unresolved_exception,Exact boundary geometry/source only; current account price authority and all-in dealer cost remain incomplete; production evidence is representative
35.0,60,Alabaster,CAMX3560A,AMX3560AL,27.84,83.52,,"Lotus.pdf p20-24,97; Digital Catalog V1.1.25 p12-13,34",source_supported_exact_boundary,unresolved_exception,Exact boundary geometry/source only; current account price authority and all-in dealer cost remain incomplete; production evidence is representative
39.0,60,White,CAMX3960W,AMX3960WH,30.23,90.69,,"Lotus.pdf p20-24,97; Digital Catalog V1.1.25 p12-13,34",source_supported_exact_boundary,unresolved_exception,Exact boundary geometry/source only; current account price authority and all-in dealer cost remain incomplete; production evidence is representative
39.0,60,Alabaster,CAMX3960A,AMX3960AL,30.23,90.69,,"Lotus.pdf p20-24,97; Digital Catalog V1.1.25 p12-13,34",source_supported_exact_boundary,unresolved_exception,Exact boundary geometry/source only; current account price authority and all-in dealer cost remain incomplete; production evidence is representative
43.0,60,White,CAMX4360W,AMX4360WH,32.6,97.8,,"Lotus.pdf p20-24,97; Digital Catalog V1.1.25 p12-13,34",source_supported_exact_boundary,unresolved_exception,Exact boundary geometry/source only; current account price authority and all-in dealer cost remain incomplete; production evidence is representative
43.0,60,Alabaster,CAMX4360A,AMX4360AL,32.6,97.8,,"Lotus.pdf p20-24,97; Digital Catalog V1.1.25 p12-13,34",source_supported_exact_boundary,unresolved_exception,Exact boundary geometry/source only; current account price authority and all-in dealer cost remain incomplete; production evidence is representative
48.0,60,White,CAMX4860W,AMX4860WH,35.58,106.74,,"Lotus.pdf p20-24,97; Digital Catalog V1.1.25 p12-13,34",source_supported_exact_boundary,unresolved_exception,Exact boundary geometry/source only; current account price authority and all-in dealer cost remain incomplete; production evidence is representative
48.0,60,Alabaster,CAMX4860A,AMX4860AL,35.58,106.74,,"Lotus.pdf p20-24,97; Digital Catalog V1.1.25 p12-13,34",source_supported_exact_boundary,unresolved_exception,Exact boundary geometry/source only; current account price authority and all-in dealer cost remain incomplete; production evidence is representative
54.0,60,White,CAMX5460W,AMX5460WH,39.16,117.48,,"Lotus.pdf p20-24,97; Digital Catalog V1.1.25 p12-13,34",source_supported_exact_boundary,unresolved_exception,Exact boundary geometry/source only; current account price authority and all-in dealer cost remain incomplete; production evidence is representative
54.0,60,Alabaster,CAMX5460A,AMX5460AL,39.16,117.48,,"Lotus.pdf p20-24,97; Digital Catalog V1.1.25 p12-13,34",source_supported_exact_boundary,unresolved_exception,Exact boundary geometry/source only; current account price authority and all-in dealer cost remain incomplete; production evidence is representative
59.0,60,White,CAMX5960W,AMX5960WH,42.13,126.39,,"Lotus.pdf p20-24,97; Digital Catalog V1.1.25 p12-13,34",source_supported_exact_boundary,unresolved_exception,Exact boundary geometry/source only; current account price authority and all-in dealer cost remain incomplete; production evidence is representative
59.0,60,Alabaster,CAMX5960A,AMX5960AL,42.13,126.39,,"Lotus.pdf p20-24,97; Digital Catalog V1.1.25 p12-13,34",source_supported_exact_boundary,unresolved_exception,Exact boundary geometry/source only; current account price authority and all-in dealer cost remain incomplete; production evidence is representative
63.0,60,White,CAMX6360W,AMX6360WH,44.51,133.53,,"Lotus.pdf p20-24,97; Digital Catalog V1.1.25 p12-13,34",source_supported_exact_boundary,unresolved_exception,Exact boundary geometry/source only; current account price authority and all-in dealer cost remain incomplete; production evidence is representative
63.0,60,Alabaster,CAMX6360A,AMX6360AL,44.51,133.53,,"Lotus.pdf p20-24,97; Digital Catalog V1.1.25 p12-13,34",source_supported_exact_boundary,unresolved_exception,Exact boundary geometry/source only; current account price authority and all-in dealer cost remain incomplete; production evidence is representative
69.0,60,White,CAMX6960W,AMX6960WH,48.09,144.27,,"Lotus.pdf p20-24,97; Digital Catalog V1.1.25 p12-13,34",source_supported_exact_boundary,unresolved_exception,Exact boundary geometry/source only; current account price authority and all-in dealer cost remain incomplete; production evidence is representative
69.0,60,Alabaster,CAMX6960A,AMX6960AL,48.09,144.27,,"Lotus.pdf p20-24,97; Digital Catalog V1.1.25 p12-13,34",source_supported_exact_boundary,unresolved_exception,Exact boundary geometry/source only; current account price authority and all-in dealer cost remain incomplete; production evidence is representative
72.0,60,White,CAMX7260W,AMX7260WH,49.87,149.61,,"Lotus.pdf p20-24,97; Digital Catalog V1.1.25 p12-13,34",source_supported_exact_boundary,unresolved_exception,Exact boundary geometry/source only; current account price authority and all-in dealer cost remain incomplete; production evidence is representative
72.0,60,Alabaster,CAMX7260A,AMX7260AL,49.87,149.61,,"Lotus.pdf p20-24,97; Digital Catalog V1.1.25 p12-13,34",source_supported_exact_boundary,unresolved_exception,Exact boundary geometry/source only; current account price authority and all-in dealer cost remain incomplete; production evidence is representative
78.0,60,White,CAMX7860W,AMX7860WH,107.24,321.72,,"Lotus.pdf p20-24,97; Digital Catalog V1.1.25 p12-13,34",source_supported_exact_boundary,unresolved_exception,Exact boundary geometry/source only; current account price authority and all-in dealer cost remain incomplete; production evidence is representative
78.0,60,Alabaster,,AMX7860AL,107.24,321.72,,"Lotus.pdf p20-24,97; Digital Catalog V1.1.25 p12-13,34",color_ordering_sku_missing,unresolved_exception,Exact boundary geometry/source only; current account price authority and all-in dealer cost remain incomplete; production evidence is representative
82.5,60,White,CAMX82560W,AMX82560WH,112.97,338.91,,"Lotus.pdf p20-24,97; Digital Catalog V1.1.25 p12-13,34",source_supported_exact_boundary,unresolved_exception,Exact boundary geometry/source only; current account price authority and all-in dealer cost remain incomplete; production evidence is representative
82.5,60,Alabaster,CAMX82560A,AMX82560AL,112.97,338.91,,"Lotus.pdf p20-24,97; Digital Catalog V1.1.25 p12-13,34",source_supported_exact_boundary,unresolved_exception,Exact boundary geometry/source only; current account price authority and all-in dealer cost remain incomplete; production evidence is representative
89.0,60,White,CAMX8960W,AMX8960WH,121.22,363.66,,"Lotus.pdf p20-24,97; Digital Catalog V1.1.25 p12-13,34",source_supported_exact_boundary,unresolved_exception,Exact boundary geometry/source only; current account price authority and all-in dealer cost remain incomplete; production evidence is representative
89.0,60,Alabaster,CAMX8960A,AMX8960AL,121.22,363.66,,"Lotus.pdf p20-24,97; Digital Catalog V1.1.25 p12-13,34",source_supported_exact_boundary,unresolved_exception,Exact boundary geometry/source only; current account price authority and all-in dealer cost remain incomplete; production evidence is representative
95.0,60,White,CAMX9560W,AMX9560WH,128.86,386.58,,"Lotus.pdf p20-24,97; Digital Catalog V1.1.25 p12-13,34",source_supported_exact_boundary,unresolved_exception,Exact boundary geometry/source only; current account price authority and all-in dealer cost remain incomplete; production evidence is representative
95.0,60,Alabaster,CAMX9560A,AMX9560AL,128.86,386.58,,"Lotus.pdf p20-24,97; Digital Catalog V1.1.25 p12-13,34",source_supported_exact_boundary,unresolved_exception,Exact boundary geometry/source only; current account price authority and all-in dealer cost remain incomplete; production evidence is representative
17.0,64,White,CAMX1764W,,24.37,73.11,,"Lotus.pdf p20-24,97; Digital Catalog V1.1.25 p12-13,34",exact_boundary_stock_donor_missing,unresolved_exception,Exact boundary geometry/source only; current account price authority and all-in dealer cost remain incomplete; production evidence is representative
17.0,64,Alabaster,,,24.37,73.11,,"Lotus.pdf p20-24,97; Digital Catalog V1.1.25 p12-13,34",color_ordering_sku_missing,unresolved_exception,Exact boundary geometry/source only; current account price authority and all-in dealer cost remain incomplete; production evidence is representative
23.0,64,White,CAMX2364W,,21.61,64.83,,"Lotus.pdf p20-24,97; Digital Catalog V1.1.25 p12-13,34",exact_boundary_stock_donor_missing,unresolved_exception,Exact boundary geometry/source only; current account price authority and all-in dealer cost remain incomplete; production evidence is representative
23.0,64,Alabaster,,,21.61,64.83,,"Lotus.pdf p20-24,97; Digital Catalog V1.1.25 p12-13,34",color_ordering_sku_missing,unresolved_exception,Exact boundary geometry/source only; current account price authority and all-in dealer cost remain incomplete; production evidence is representative
27.0,64,White,CAMX2764W,,26.3,78.9,,"Lotus.pdf p20-24,97; Digital Catalog V1.1.25 p12-13,34",exact_boundary_stock_donor_missing,unresolved_exception,Exact boundary geometry/source only; current account price authority and all-in dealer cost remain incomplete; production evidence is representative
27.0,64,Alabaster,,,26.3,78.9,,"Lotus.pdf p20-24,97; Digital Catalog V1.1.25 p12-13,34",color_ordering_sku_missing,unresolved_exception,Exact boundary geometry/source only; current account price authority and all-in dealer cost remain incomplete; production evidence is representative
30.0,64,White,CAMX3064W,AMX3064WH,26.06,78.18,,"Lotus.pdf p20-24,97; Digital Catalog V1.1.25 p12-13,34",source_supported_exact_boundary,unresolved_exception,Exact boundary geometry/source only; current account price authority and all-in dealer cost remain incomplete; production evidence is representative
30.0,64,Alabaster,,,26.06,78.18,,"Lotus.pdf p20-24,97; Digital Catalog V1.1.25 p12-13,34",color_ordering_sku_missing,unresolved_exception,Exact boundary geometry/source only; current account price authority and all-in dealer cost remain incomplete; production evidence is representative
35.0,64,White,CAMX3564W,,32.01,96.03,,"Lotus.pdf p20-24,97; Digital Catalog V1.1.25 p12-13,34",exact_boundary_stock_donor_missing,unresolved_exception,Exact boundary geometry/source only; current account price authority and all-in dealer cost remain incomplete; production evidence is representative
35.0,64,Alabaster,,,32.01,96.03,,"Lotus.pdf p20-24,97; Digital Catalog V1.1.25 p12-13,34",color_ordering_sku_missing,unresolved_exception,Exact boundary geometry/source only; current account price authority and all-in dealer cost remain incomplete; production evidence is representative
39.0,64,White,CAMX3964W,,34.87,104.61,,"Lotus.pdf p20-24,97; Digital Catalog V1.1.25 p12-13,34",exact_boundary_stock_donor_missing,unresolved_exception,Exact boundary geometry/source only; current account price authority and all-in dealer cost remain incomplete; production evidence is representative
39.0,64,Alabaster,,,34.87,104.61,,"Lotus.pdf p20-24,97; Digital Catalog V1.1.25 p12-13,34",color_ordering_sku_missing,unresolved_exception,Exact boundary geometry/source only; current account price authority and all-in dealer cost remain incomplete; production evidence is representative
43.0,64,White,CAMX4364W,,37.73,113.19,,"Lotus.pdf p20-24,97; Digital Catalog V1.1.25 p12-13,34",exact_boundary_stock_donor_missing,unresolved_exception,Exact boundary geometry/source only; current account price authority and all-in dealer cost remain incomplete; production evidence is representative
43.0,64,Alabaster,,,37.73,113.19,,"Lotus.pdf p20-24,97; Digital Catalog V1.1.25 p12-13,34",color_ordering_sku_missing,unresolved_exception,Exact boundary geometry/source only; current account price authority and all-in dealer cost remain incomplete; production evidence is representative
48.0,64,White,CAMX4864W,,41.3,123.9,,"Lotus.pdf p20-24,97; Digital Catalog V1.1.25 p12-13,34",exact_boundary_stock_donor_missing,unresolved_exception,Exact boundary geometry/source only; current account price authority and all-in dealer cost remain incomplete; production evidence is representative
48.0,64,Alabaster,,,41.3,123.9,,"Lotus.pdf p20-24,97; Digital Catalog V1.1.25 p12-13,34",color_ordering_sku_missing,unresolved_exception,Exact boundary geometry/source only; current account price authority and all-in dealer cost remain incomplete; production evidence is representative
54.0,64,White,CAMX5464W,,45.58,136.74,,"Lotus.pdf p20-24,97; Digital Catalog V1.1.25 p12-13,34",exact_boundary_stock_donor_missing,unresolved_exception,Exact boundary geometry/source only; current account price authority and all-in dealer cost remain incomplete; production evidence is representative
54.0,64,Alabaster,,,45.58,136.74,,"Lotus.pdf p20-24,97; Digital Catalog V1.1.25 p12-13,34",color_ordering_sku_missing,unresolved_exception,Exact boundary geometry/source only; current account price authority and all-in dealer cost remain incomplete; production evidence is representative
59.0,64,White,CAMX5964W,,49.16,147.48,,"Lotus.pdf p20-24,97; Digital Catalog V1.1.25 p12-13,34",exact_boundary_stock_donor_missing,unresolved_exception,Exact boundary geometry/source only; current account price authority and all-in dealer cost remain incomplete; production evidence is representative
59.0,64,Alabaster,,,49.16,147.48,,"Lotus.pdf p20-24,97; Digital Catalog V1.1.25 p12-13,34",color_ordering_sku_missing,unresolved_exception,Exact boundary geometry/source only; current account price authority and all-in dealer cost remain incomplete; production evidence is representative
63.0,64,White,CAMX6364W,,52.02,156.06,,"Lotus.pdf p20-24,97; Digital Catalog V1.1.25 p12-13,34",exact_boundary_stock_donor_missing,unresolved_exception,Exact boundary geometry/source only; current account price authority and all-in dealer cost remain incomplete; production evidence is representative
63.0,64,Alabaster,,,52.02,156.06,,"Lotus.pdf p20-24,97; Digital Catalog V1.1.25 p12-13,34",color_ordering_sku_missing,unresolved_exception,Exact boundary geometry/source only; current account price authority and all-in dealer cost remain incomplete; production evidence is representative
69.0,64,White,CAMX6964W,,56.31,168.93,,"Lotus.pdf p20-24,97; Digital Catalog V1.1.25 p12-13,34",exact_boundary_stock_donor_missing,unresolved_exception,Exact boundary geometry/source only; current account price authority and all-in dealer cost remain incomplete; production evidence is representative
69.0,64,Alabaster,,,56.31,168.93,,"Lotus.pdf p20-24,97; Digital Catalog V1.1.25 p12-13,34",color_ordering_sku_missing,unresolved_exception,Exact boundary geometry/source only; current account price authority and all-in dealer cost remain incomplete; production evidence is representative
72.0,64,White,CAMX7264W,,58.44,175.32,,"Lotus.pdf p20-24,97; Digital Catalog V1.1.25 p12-13,34",exact_boundary_stock_donor_missing,unresolved_exception,Exact boundary geometry/source only; current account price authority and all-in dealer cost remain incomplete; production evidence is representative
72.0,64,Alabaster,,,58.44,175.32,,"Lotus.pdf p20-24,97; Digital Catalog V1.1.25 p12-13,34",color_ordering_sku_missing,unresolved_exception,Exact boundary geometry/source only; current account price authority and all-in dealer cost remain incomplete; production evidence is representative
78.0,64,White,CAMX7864W,,127.09,381.27,,"Lotus.pdf p20-24,97; Digital Catalog V1.1.25 p12-13,34",exact_boundary_stock_donor_missing,unresolved_exception,Exact boundary geometry/source only; current account price authority and all-in dealer cost remain incomplete; production evidence is representative
78.0,64,Alabaster,,,127.09,381.27,,"Lotus.pdf p20-24,97; Digital Catalog V1.1.25 p12-13,34",color_ordering_sku_missing,unresolved_exception,Exact boundary geometry/source only; current account price authority and all-in dealer cost remain incomplete; production evidence is representative
82.5,64,White,CAMX82564W,,134.71,404.13,,"Lotus.pdf p20-24,97; Digital Catalog V1.1.25 p12-13,34",exact_boundary_stock_donor_missing,unresolved_exception,Exact boundary geometry/source only; current account price authority and all-in dealer cost remain incomplete; production evidence is representative
82.5,64,Alabaster,,,134.71,404.13,,"Lotus.pdf p20-24,97; Digital Catalog V1.1.25 p12-13,34",color_ordering_sku_missing,unresolved_exception,Exact boundary geometry/source only; current account price authority and all-in dealer cost remain incomplete; production evidence is representative
89.0,64,White,CAMX8964W,,143.88,431.64,,"Lotus.pdf p20-24,97; Digital Catalog V1.1.25 p12-13,34",exact_boundary_stock_donor_missing,unresolved_exception,Exact boundary geometry/source only; current account price authority and all-in dealer cost remain incomplete; production evidence is representative
89.0,64,Alabaster,,,143.88,431.64,,"Lotus.pdf p20-24,97; Digital Catalog V1.1.25 p12-13,34",color_ordering_sku_missing,unresolved_exception,Exact boundary geometry/source only; current account price authority and all-in dealer cost remain incomplete; production evidence is representative
95.0,64,White,CAMX9564W,,153.03,459.09,,"Lotus.pdf p20-24,97; Digital Catalog V1.1.25 p12-13,34",exact_boundary_stock_donor_missing,unresolved_exception,Exact boundary geometry/source only; current account price authority and all-in dealer cost remain incomplete; production evidence is representative
95.0,64,Alabaster,,,153.03,459.09,,"Lotus.pdf p20-24,97; Digital Catalog V1.1.25 p12-13,34",color_ordering_sku_missing,unresolved_exception,Exact boundary geometry/source only; current account price authority and all-in dealer cost remain incomplete; production evidence is representative
17.0,72,White,CAMX1772W,AMX1772WH,24.37,73.11,,"Lotus.pdf p20-24,97; Digital Catalog V1.1.25 p12-13,34",source_supported_exact_boundary,unresolved_exception,Exact boundary geometry/source only; current account price authority and all-in dealer cost remain incomplete; production evidence is representative
17.0,72,Alabaster,,,24.37,73.11,,"Lotus.pdf p20-24,97; Digital Catalog V1.1.25 p12-13,34",color_ordering_sku_missing,unresolved_exception,Exact boundary geometry/source only; current account price authority and all-in dealer cost remain incomplete; production evidence is representative
23.0,72,White,CAMX2372W,AMX2372WH,23.44,70.32,,"Lotus.pdf p20-24,97; Digital Catalog V1.1.25 p12-13,34",source_supported_exact_boundary,unresolved_exception,Exact boundary geometry/source only; current account price authority and all-in dealer cost remain incomplete; production evidence is representative
23.0,72,Alabaster,CAMX2372A,AMX2372AL,23.44,70.32,,"Lotus.pdf p20-24,97; Digital Catalog V1.1.25 p12-13,34",source_supported_exact_boundary,unresolved_exception,Exact boundary geometry/source only; current account price authority and all-in dealer cost remain incomplete; production evidence is representative
27.0,72,White,CAMX2772W,AMX2772WH,26.3,78.9,,"Lotus.pdf p20-24,97; Digital Catalog V1.1.25 p12-13,34",source_supported_exact_boundary,unresolved_exception,Exact boundary geometry/source only; current account price authority and all-in dealer cost remain incomplete; production evidence is representative
27.0,72,Alabaster,CAMX2772A,AMX2772AL,26.3,78.9,,"Lotus.pdf p20-24,97; Digital Catalog V1.1.25 p12-13,34",source_supported_exact_boundary,unresolved_exception,Exact boundary geometry/source only; current account price authority and all-in dealer cost remain incomplete; production evidence is representative
30.0,72,White,CAMX3072W,AMX3072WH,28.44,85.32,,"Lotus.pdf p20-24,97; Digital Catalog V1.1.25 p12-13,34",source_supported_exact_boundary,unresolved_exception,Exact boundary geometry/source only; current account price authority and all-in dealer cost remain incomplete; production evidence is representative
30.0,72,Alabaster,CAMX3072A,AMX3072AL,28.44,85.32,,"Lotus.pdf p20-24,97; Digital Catalog V1.1.25 p12-13,34",source_supported_exact_boundary,unresolved_exception,Exact boundary geometry/source only; current account price authority and all-in dealer cost remain incomplete; production evidence is representative
35.0,72,White,CAMX3572W,AMX3572WH,32.01,96.03,,"Lotus.pdf p20-24,97; Digital Catalog V1.1.25 p12-13,34",source_supported_exact_boundary,unresolved_exception,Exact boundary geometry/source only; current account price authority and all-in dealer cost remain incomplete; production evidence is representative
35.0,72,Alabaster,CAMX3572A,AMX3572AL,32.01,96.03,,"Lotus.pdf p20-24,97; Digital Catalog V1.1.25 p12-13,34",source_supported_exact_boundary,unresolved_exception,Exact boundary geometry/source only; current account price authority and all-in dealer cost remain incomplete; production evidence is representative
39.0,72,White,CAMX3972W,AMX3972WH,34.87,104.61,,"Lotus.pdf p20-24,97; Digital Catalog V1.1.25 p12-13,34",source_supported_exact_boundary,unresolved_exception,Exact boundary geometry/source only; current account price authority and all-in dealer cost remain incomplete; production evidence is representative
39.0,72,Alabaster,CAMX3972A,AMX3972AL,34.87,104.61,,"Lotus.pdf p20-24,97; Digital Catalog V1.1.25 p12-13,34",source_supported_exact_boundary,unresolved_exception,Exact boundary geometry/source only; current account price authority and all-in dealer cost remain incomplete; production evidence is representative
43.0,72,White,CAMX4372W,AMX4372WH,37.73,113.19,,"Lotus.pdf p20-24,97; Digital Catalog V1.1.25 p12-13,34",source_supported_exact_boundary,unresolved_exception,Exact boundary geometry/source only; current account price authority and all-in dealer cost remain incomplete; production evidence is representative
43.0,72,Alabaster,CAMX4372A,AMX4372AL,37.73,113.19,,"Lotus.pdf p20-24,97; Digital Catalog V1.1.25 p12-13,34",source_supported_exact_boundary,unresolved_exception,Exact boundary geometry/source only; current account price authority and all-in dealer cost remain incomplete; production evidence is representative
48.0,72,White,CAMX4872W,AMX4872WH,41.3,123.9,,"Lotus.pdf p20-24,97; Digital Catalog V1.1.25 p12-13,34",source_supported_exact_boundary,unresolved_exception,Exact boundary geometry/source only; current account price authority and all-in dealer cost remain incomplete; production evidence is representative
48.0,72,Alabaster,CAMX4872A,AMX4872AL,41.3,123.9,,"Lotus.pdf p20-24,97; Digital Catalog V1.1.25 p12-13,34",source_supported_exact_boundary,unresolved_exception,Exact boundary geometry/source only; current account price authority and all-in dealer cost remain incomplete; production evidence is representative
54.0,72,White,CAMX5472W,AMX5472WH,45.58,136.74,,"Lotus.pdf p20-24,97; Digital Catalog V1.1.25 p12-13,34",source_supported_exact_boundary,unresolved_exception,Exact boundary geometry/source only; current account price authority and all-in dealer cost remain incomplete; production evidence is representative
54.0,72,Alabaster,CAMX5472A,AMX5472AL,45.58,136.74,,"Lotus.pdf p20-24,97; Digital Catalog V1.1.25 p12-13,34",source_supported_exact_boundary,unresolved_exception,Exact boundary geometry/source only; current account price authority and all-in dealer cost remain incomplete; production evidence is representative
59.0,72,White,CAMX5972W,AMX5972WH,49.16,147.48,,"Lotus.pdf p20-24,97; Digital Catalog V1.1.25 p12-13,34",source_supported_exact_boundary,unresolved_exception,Exact boundary geometry/source only; current account price authority and all-in dealer cost remain incomplete; production evidence is representative
59.0,72,Alabaster,CAMX5972A,AMX5972AL,49.16,147.48,,"Lotus.pdf p20-24,97; Digital Catalog V1.1.25 p12-13,34",source_supported_exact_boundary,unresolved_exception,Exact boundary geometry/source only; current account price authority and all-in dealer cost remain incomplete; production evidence is representative
63.0,72,White,CAMX6372W,AMX6372WH,52.02,156.06,,"Lotus.pdf p20-24,97; Digital Catalog V1.1.25 p12-13,34",source_supported_exact_boundary,unresolved_exception,Exact boundary geometry/source only; current account price authority and all-in dealer cost remain incomplete; production evidence is representative
63.0,72,Alabaster,CAMX6372A,AMX6372AL,52.02,156.06,,"Lotus.pdf p20-24,97; Digital Catalog V1.1.25 p12-13,34",source_supported_exact_boundary,unresolved_exception,Exact boundary geometry/source only; current account price authority and all-in dealer cost remain incomplete; production evidence is representative
69.0,72,White,CAMX6972W,AMX6972WH,56.31,168.93,,"Lotus.pdf p20-24,97; Digital Catalog V1.1.25 p12-13,34",source_supported_exact_boundary,unresolved_exception,Exact boundary geometry/source only; current account price authority and all-in dealer cost remain incomplete; production evidence is representative
69.0,72,Alabaster,CAMX6972A,AMX6972AL,56.31,168.93,,"Lotus.pdf p20-24,97; Digital Catalog V1.1.25 p12-13,34",source_supported_exact_boundary,unresolved_exception,Exact boundary geometry/source only; current account price authority and all-in dealer cost remain incomplete; production evidence is representative
72.0,72,White,CAMX7272W,AMX7272WH,58.44,175.32,,"Lotus.pdf p20-24,97; Digital Catalog V1.1.25 p12-13,34",source_supported_exact_boundary,unresolved_exception,Exact boundary geometry/source only; current account price authority and all-in dealer cost remain incomplete; production evidence is representative
72.0,72,Alabaster,CAMX7272A,AMX7272AL,58.44,175.32,,"Lotus.pdf p20-24,97; Digital Catalog V1.1.25 p12-13,34",source_supported_exact_boundary,unresolved_exception,Exact boundary geometry/source only; current account price authority and all-in dealer cost remain incomplete; production evidence is representative
78.0,72,White,CAMX7872W,AMX7872WH,127.09,381.27,,"Lotus.pdf p20-24,97; Digital Catalog V1.1.25 p12-13,34",source_supported_exact_boundary,unresolved_exception,Exact boundary geometry/source only; current account price authority and all-in dealer cost remain incomplete; production evidence is representative
78.0,72,Alabaster,,AMX7872AL,127.09,381.27,,"Lotus.pdf p20-24,97; Digital Catalog V1.1.25 p12-13,34",color_ordering_sku_missing,unresolved_exception,Exact boundary geometry/source only; current account price authority and all-in dealer cost remain incomplete; production evidence is representative
82.5,72,White,CAMX82572W,,134.71,404.13,,"Lotus.pdf p20-24,97; Digital Catalog V1.1.25 p12-13,34",exact_boundary_stock_donor_missing,unresolved_exception,Exact boundary geometry/source only; current account price authority and all-in dealer cost remain incomplete; production evidence is representative
82.5,72,Alabaster,CAMX82572A,AMX82572AL,134.71,404.13,,"Lotus.pdf p20-24,97; Digital Catalog V1.1.25 p12-13,34",source_supported_exact_boundary,unresolved_exception,Exact boundary geometry/source only; current account price authority and all-in dealer cost remain incomplete; production evidence is representative
89.0,72,White,CAMX8972W,AMX8972WH,143.88,431.64,,"Lotus.pdf p20-24,97; Digital Catalog V1.1.25 p12-13,34",source_supported_exact_boundary,unresolved_exception,Exact boundary geometry/source only; current account price authority and all-in dealer cost remain incomplete; production evidence is representative
89.0,72,Alabaster,CAMX8972A,AMX8972AL,143.88,431.64,,"Lotus.pdf p20-24,97; Digital Catalog V1.1.25 p12-13,34",source_supported_exact_boundary,unresolved_exception,Exact boundary geometry/source only; current account price authority and all-in dealer cost remain incomplete; production evidence is representative
95.0,72,White,CAMX9572W,AMX9572WH,153.03,459.09,,"Lotus.pdf p20-24,97; Digital Catalog V1.1.25 p12-13,34",source_supported_exact_boundary,unresolved_exception,Exact boundary geometry/source only; current account price authority and all-in dealer cost remain incomplete; production evidence is representative
95.0,72,Alabaster,CAMX9572A,AMX9572AL,153.03,459.09,,"Lotus.pdf p20-24,97; Digital Catalog V1.1.25 p12-13,34",source_supported_exact_boundary,unresolved_exception,Exact boundary geometry/source only; current account price authority and all-in dealer cost remain incomplete; production evidence is representative
17.0,84,White,CAMX1784W,AMX1784WH,27.28,81.84,,"Lotus.pdf p20-24,97; Digital Catalog V1.1.25 p12-13,34",source_supported_exact_boundary,unresolved_exception,Exact boundary geometry/source only; current account price authority and all-in dealer cost remain incomplete; production evidence is representative
17.0,84,Alabaster,,,27.28,81.84,,"Lotus.pdf p20-24,97; Digital Catalog V1.1.25 p12-13,34",color_ordering_sku_missing,unresolved_exception,Exact boundary geometry/source only; current account price authority and all-in dealer cost remain incomplete; production evidence is representative
23.0,84,White,CAMX2384W,AMX2384WH,26.18,78.54,,"Lotus.pdf p20-24,97; Digital Catalog V1.1.25 p12-13,34",source_supported_exact_boundary,unresolved_exception,Exact boundary geometry/source only; current account price authority and all-in dealer cost remain incomplete; production evidence is representative
23.0,84,Alabaster,CAMX2384A,AMX2384AL,26.18,78.54,,"Lotus.pdf p20-24,97; Digital Catalog V1.1.25 p12-13,34",source_supported_exact_boundary,unresolved_exception,Exact boundary geometry/source only; current account price authority and all-in dealer cost remain incomplete; production evidence is representative
27.0,84,White,CAMX2784W,AMX2784WH,29.51,88.53,,"Lotus.pdf p20-24,97; Digital Catalog V1.1.25 p12-13,34",source_supported_exact_boundary,unresolved_exception,Exact boundary geometry/source only; current account price authority and all-in dealer cost remain incomplete; production evidence is representative
27.0,84,Alabaster,CAMX2784A,AMX2784AL,29.51,88.53,,"Lotus.pdf p20-24,97; Digital Catalog V1.1.25 p12-13,34",source_supported_exact_boundary,unresolved_exception,Exact boundary geometry/source only; current account price authority and all-in dealer cost remain incomplete; production evidence is representative
30.0,84,White,CAMX3084W,,32.84,98.52,,"Lotus.pdf p20-24,97; Digital Catalog V1.1.25 p12-13,34",exact_boundary_stock_donor_missing,unresolved_exception,Exact boundary geometry/source only; current account price authority and all-in dealer cost remain incomplete; production evidence is representative
30.0,84,Alabaster,CAMX3084A,,32.84,98.52,,"Lotus.pdf p20-24,97; Digital Catalog V1.1.25 p12-13,34",exact_boundary_stock_donor_missing,unresolved_exception,Exact boundary geometry/source only; current account price authority and all-in dealer cost remain incomplete; production evidence is representative
35.0,84,White,CAMX3584W,AMX3584WH,36.18,108.54,,"Lotus.pdf p20-24,97; Digital Catalog V1.1.25 p12-13,34",source_supported_exact_boundary,unresolved_exception,Exact boundary geometry/source only; current account price authority and all-in dealer cost remain incomplete; production evidence is representative
35.0,84,Alabaster,CAMX3584A,AMX3584AL,36.18,108.54,,"Lotus.pdf p20-24,97; Digital Catalog V1.1.25 p12-13,34",source_supported_exact_boundary,unresolved_exception,Exact boundary geometry/source only; current account price authority and all-in dealer cost remain incomplete; production evidence is representative
39.0,84,White,CAMX3984W,AMX3984WH,39.51,118.53,,"Lotus.pdf p20-24,97; Digital Catalog V1.1.25 p12-13,34",source_supported_exact_boundary,unresolved_exception,Exact boundary geometry/source only; current account price authority and all-in dealer cost remain incomplete; production evidence is representative
39.0,84,Alabaster,CAMX3984A,AMX3984AL,39.51,118.53,,"Lotus.pdf p20-24,97; Digital Catalog V1.1.25 p12-13,34",source_supported_exact_boundary,unresolved_exception,Exact boundary geometry/source only; current account price authority and all-in dealer cost remain incomplete; production evidence is representative
43.0,84,White,CAMX4384W,AMX4384WH,42.84,128.52,,"Lotus.pdf p20-24,97; Digital Catalog V1.1.25 p12-13,34",source_supported_exact_boundary,unresolved_exception,Exact boundary geometry/source only; current account price authority and all-in dealer cost remain incomplete; production evidence is representative
43.0,84,Alabaster,CAMX4384A,AMX4384AL,42.84,128.52,,"Lotus.pdf p20-24,97; Digital Catalog V1.1.25 p12-13,34",source_supported_exact_boundary,unresolved_exception,Exact boundary geometry/source only; current account price authority and all-in dealer cost remain incomplete; production evidence is representative
48.0,84,White,CAMX4884W,AMX4884WH,47.01,141.03,,"Lotus.pdf p20-24,97; Digital Catalog V1.1.25 p12-13,34",source_supported_exact_boundary,unresolved_exception,Exact boundary geometry/source only; current account price authority and all-in dealer cost remain incomplete; production evidence is representative
48.0,84,Alabaster,CAMX4884A,AMX4884AL,47.01,141.03,,"Lotus.pdf p20-24,97; Digital Catalog V1.1.25 p12-13,34",source_supported_exact_boundary,unresolved_exception,Exact boundary geometry/source only; current account price authority and all-in dealer cost remain incomplete; production evidence is representative
54.0,84,White,CAMX5484W,AMX5484WH,52.02,156.06,,"Lotus.pdf p20-24,97; Digital Catalog V1.1.25 p12-13,34",source_supported_exact_boundary,unresolved_exception,Exact boundary geometry/source only; current account price authority and all-in dealer cost remain incomplete; production evidence is representative
54.0,84,Alabaster,CAMX5484A,AMX5484AL,52.02,156.06,,"Lotus.pdf p20-24,97; Digital Catalog V1.1.25 p12-13,34",source_supported_exact_boundary,unresolved_exception,Exact boundary geometry/source only; current account price authority and all-in dealer cost remain incomplete; production evidence is representative
59.0,84,White,CAMX5984W,AMX5984WH,56.19,168.57,,"Lotus.pdf p20-24,97; Digital Catalog V1.1.25 p12-13,34",source_supported_exact_boundary,unresolved_exception,Exact boundary geometry/source only; current account price authority and all-in dealer cost remain incomplete; production evidence is representative
59.0,84,Alabaster,CAMX5984A,AMX5984AL,56.19,168.57,,"Lotus.pdf p20-24,97; Digital Catalog V1.1.25 p12-13,34",source_supported_exact_boundary,unresolved_exception,Exact boundary geometry/source only; current account price authority and all-in dealer cost remain incomplete; production evidence is representative
63.0,84,White,CAMX6384W,AMX6384WH,59.52,178.56,,"Lotus.pdf p20-24,97; Digital Catalog V1.1.25 p12-13,34",source_supported_exact_boundary,unresolved_exception,Exact boundary geometry/source only; current account price authority and all-in dealer cost remain incomplete; production evidence is representative
63.0,84,Alabaster,CAMX6384A,AMX6384AL,59.52,178.56,,"Lotus.pdf p20-24,97; Digital Catalog V1.1.25 p12-13,34",source_supported_exact_boundary,unresolved_exception,Exact boundary geometry/source only; current account price authority and all-in dealer cost remain incomplete; production evidence is representative
69.0,84,White,CAMX6984W,AMX6984WH,64.51,193.53,,"Lotus.pdf p20-24,97; Digital Catalog V1.1.25 p12-13,34",source_supported_exact_boundary,unresolved_exception,Exact boundary geometry/source only; current account price authority and all-in dealer cost remain incomplete; production evidence is representative
69.0,84,Alabaster,CAMX6984A,AMX6984AL,64.51,193.53,,"Lotus.pdf p20-24,97; Digital Catalog V1.1.25 p12-13,34",source_supported_exact_boundary,unresolved_exception,Exact boundary geometry/source only; current account price authority and all-in dealer cost remain incomplete; production evidence is representative
72.0,84,White,CAMX7284W,AMX7284WH,67.02,201.06,,"Lotus.pdf p20-24,97; Digital Catalog V1.1.25 p12-13,34",source_supported_exact_boundary,unresolved_exception,Exact boundary geometry/source only; current account price authority and all-in dealer cost remain incomplete; production evidence is representative
72.0,84,Alabaster,CAMX7284A,AMX7284AL,67.02,201.06,,"Lotus.pdf p20-24,97; Digital Catalog V1.1.25 p12-13,34",source_supported_exact_boundary,unresolved_exception,Exact boundary geometry/source only; current account price authority and all-in dealer cost remain incomplete; production evidence is representative
78.0,84,White,,,,,,"Lotus.pdf p20-24,97; Digital Catalog V1.1.25 p12-13,34",source_cell_unavailable,unresolved_exception,Exact boundary geometry/source only; current account price authority and all-in dealer cost remain incomplete; production evidence is representative
78.0,84,Alabaster,,,,,,"Lotus.pdf p20-24,97; Digital Catalog V1.1.25 p12-13,34",source_cell_unavailable,unresolved_exception,Exact boundary geometry/source only; current account price authority and all-in dealer cost remain incomplete; production evidence is representative
82.5,84,White,,,,,,"Lotus.pdf p20-24,97; Digital Catalog V1.1.25 p12-13,34",source_cell_unavailable,unresolved_exception,Exact boundary geometry/source only; current account price authority and all-in dealer cost remain incomplete; production evidence is representative
82.5,84,Alabaster,,,,,,"Lotus.pdf p20-24,97; Digital Catalog V1.1.25 p12-13,34",source_cell_unavailable,unresolved_exception,Exact boundary geometry/source only; current account price authority and all-in dealer cost remain incomplete; production evidence is representative
89.0,84,White,,,,,,"Lotus.pdf p20-24,97; Digital Catalog V1.1.25 p12-13,34",source_cell_unavailable,unresolved_exception,Exact boundary geometry/source only; current account price authority and all-in dealer cost remain incomplete; production evidence is representative
89.0,84,Alabaster,,,,,,"Lotus.pdf p20-24,97; Digital Catalog V1.1.25 p12-13,34",source_cell_unavailable,unresolved_exception,Exact boundary geometry/source only; current account price authority and all-in dealer cost remain incomplete; production evidence is representative
95.0,84,White,,,,,,"Lotus.pdf p20-24,97; Digital Catalog V1.1.25 p12-13,34",source_cell_unavailable,unresolved_exception,Exact boundary geometry/source only; current account price authority and all-in dealer cost remain incomplete; production evidence is representative
95.0,84,Alabaster,,,,,,"Lotus.pdf p20-24,97; Digital Catalog V1.1.25 p12-13,34",source_cell_unavailable,unresolved_exception,Exact boundary geometry/source only; current account price authority and all-in dealer cost remain incomplete; production evidence is representative
17.0,96,White,CAMX1796W,AMX1796WH,23.2,69.6,,"Lotus.pdf p20-24,97; Digital Catalog V1.1.25 p12-13,34",source_supported_exact_boundary,unresolved_exception,Exact boundary geometry/source only; current account price authority and all-in dealer cost remain incomplete; production evidence is representative
17.0,96,Alabaster,,,23.2,69.6,,"Lotus.pdf p20-24,97; Digital Catalog V1.1.25 p12-13,34",color_ordering_sku_missing,unresolved_exception,Exact boundary geometry/source only; current account price authority and all-in dealer cost remain incomplete; production evidence is representative
23.0,96,White,CAMX2396W,AMX2396WH,28.92,86.76,,"Lotus.pdf p20-24,97; Digital Catalog V1.1.25 p12-13,34",source_supported_exact_boundary,unresolved_exception,Exact boundary geometry/source only; current account price authority and all-in dealer cost remain incomplete; production evidence is representative
23.0,96,Alabaster,,AMX2396AL,28.92,86.76,,"Lotus.pdf p20-24,97; Digital Catalog V1.1.25 p12-13,34",color_ordering_sku_missing,unresolved_exception,Exact boundary geometry/source only; current account price authority and all-in dealer cost remain incomplete; production evidence is representative
27.0,96,White,CAMX2796W,AMX2796WH,32.72,98.16,,"Lotus.pdf p20-24,97; Digital Catalog V1.1.25 p12-13,34",source_supported_exact_boundary,unresolved_exception,Exact boundary geometry/source only; current account price authority and all-in dealer cost remain incomplete; production evidence is representative
27.0,96,Alabaster,,AMX2796AL,32.72,98.16,,"Lotus.pdf p20-24,97; Digital Catalog V1.1.25 p12-13,34",color_ordering_sku_missing,unresolved_exception,Exact boundary geometry/source only; current account price authority and all-in dealer cost remain incomplete; production evidence is representative
30.0,96,White,CAMX3096W,,36.54,109.62,,"Lotus.pdf p20-24,97; Digital Catalog V1.1.25 p12-13,34",exact_boundary_stock_donor_missing,unresolved_exception,Exact boundary geometry/source only; current account price authority and all-in dealer cost remain incomplete; production evidence is representative
30.0,96,Alabaster,,,36.54,109.62,,"Lotus.pdf p20-24,97; Digital Catalog V1.1.25 p12-13,34",color_ordering_sku_missing,unresolved_exception,Exact boundary geometry/source only; current account price authority and all-in dealer cost remain incomplete; production evidence is representative
35.0,96,White,CAMX3596W,AMX3596WH,40.35,121.05,,"Lotus.pdf p20-24,97; Digital Catalog V1.1.25 p12-13,34",source_supported_exact_boundary,unresolved_exception,Exact boundary geometry/source only; current account price authority and all-in dealer cost remain incomplete; production evidence is representative
35.0,96,Alabaster,,AMX3596AL,40.35,121.05,,"Lotus.pdf p20-24,97; Digital Catalog V1.1.25 p12-13,34",color_ordering_sku_missing,unresolved_exception,Exact boundary geometry/source only; current account price authority and all-in dealer cost remain incomplete; production evidence is representative
39.0,96,White,CAMX3996W,AMX3996WH,51.96,155.88,,"Lotus.pdf p20-24,97; Digital Catalog V1.1.25 p12-13,34",source_supported_exact_boundary,unresolved_exception,Exact boundary geometry/source only; current account price authority and all-in dealer cost remain incomplete; production evidence is representative
39.0,96,Alabaster,,AMX3996AL,51.96,155.88,,"Lotus.pdf p20-24,97; Digital Catalog V1.1.25 p12-13,34",color_ordering_sku_missing,unresolved_exception,Exact boundary geometry/source only; current account price authority and all-in dealer cost remain incomplete; production evidence is representative
43.0,96,White,CAMX4396W,AMX4396WH,56.57,169.71,,"Lotus.pdf p20-24,97; Digital Catalog V1.1.25 p12-13,34",source_supported_exact_boundary,unresolved_exception,Exact boundary geometry/source only; current account price authority and all-in dealer cost remain incomplete; production evidence is representative
43.0,96,Alabaster,,AMX4396AL,56.57,169.71,,"Lotus.pdf p20-24,97; Digital Catalog V1.1.25 p12-13,34",color_ordering_sku_missing,unresolved_exception,Exact boundary geometry/source only; current account price authority and all-in dealer cost remain incomplete; production evidence is representative
48.0,96,White,CAMX4896W,AMX4896WH,62.33,186.99,,"Lotus.pdf p20-24,97; Digital Catalog V1.1.25 p12-13,34",source_supported_exact_boundary,unresolved_exception,Exact boundary geometry/source only; current account price authority and all-in dealer cost remain incomplete; production evidence is representative
48.0,96,Alabaster,,AMX4896AL,62.33,186.99,,"Lotus.pdf p20-24,97; Digital Catalog V1.1.25 p12-13,34",color_ordering_sku_missing,unresolved_exception,Exact boundary geometry/source only; current account price authority and all-in dealer cost remain incomplete; production evidence is representative
54.0,96,White,CAMX5496W,AMX5496WH,69.25,207.75,,"Lotus.pdf p20-24,97; Digital Catalog V1.1.25 p12-13,34",source_supported_exact_boundary,unresolved_exception,Exact boundary geometry/source only; current account price authority and all-in dealer cost remain incomplete; production evidence is representative
54.0,96,Alabaster,,AMX5496AL,69.25,207.75,,"Lotus.pdf p20-24,97; Digital Catalog V1.1.25 p12-13,34",color_ordering_sku_missing,unresolved_exception,Exact boundary geometry/source only; current account price authority and all-in dealer cost remain incomplete; production evidence is representative
59.0,96,White,CAMX5996W,AMX5996WH,75.02,225.06,,"Lotus.pdf p20-24,97; Digital Catalog V1.1.25 p12-13,34",source_supported_exact_boundary,unresolved_exception,Exact boundary geometry/source only; current account price authority and all-in dealer cost remain incomplete; production evidence is representative
59.0,96,Alabaster,,AMX5996AL,75.02,225.06,,"Lotus.pdf p20-24,97; Digital Catalog V1.1.25 p12-13,34",color_ordering_sku_missing,unresolved_exception,Exact boundary geometry/source only; current account price authority and all-in dealer cost remain incomplete; production evidence is representative
63.0,96,White,CAMX6396W,AMX6396WH,79.63,238.89,,"Lotus.pdf p20-24,97; Digital Catalog V1.1.25 p12-13,34",source_supported_exact_boundary,unresolved_exception,Exact boundary geometry/source only; current account price authority and all-in dealer cost remain incomplete; production evidence is representative
63.0,96,Alabaster,,AMX6396AL,79.63,238.89,,"Lotus.pdf p20-24,97; Digital Catalog V1.1.25 p12-13,34",color_ordering_sku_missing,unresolved_exception,Exact boundary geometry/source only; current account price authority and all-in dealer cost remain incomplete; production evidence is representative
69.0,96,White,CAMX6996W,AMX6996WH,86.55,259.65,,"Lotus.pdf p20-24,97; Digital Catalog V1.1.25 p12-13,34",source_supported_exact_boundary,unresolved_exception,Exact boundary geometry/source only; current account price authority and all-in dealer cost remain incomplete; production evidence is representative
69.0,96,Alabaster,,AMX6996AL,86.55,259.65,,"Lotus.pdf p20-24,97; Digital Catalog V1.1.25 p12-13,34",color_ordering_sku_missing,unresolved_exception,Exact boundary geometry/source only; current account price authority and all-in dealer cost remain incomplete; production evidence is representative
72.0,96,White,CAMX7296W,AMX7296WH,90.01,270.03,,"Lotus.pdf p20-24,97; Digital Catalog V1.1.25 p12-13,34",source_supported_exact_boundary,unresolved_exception,Exact boundary geometry/source only; current account price authority and all-in dealer cost remain incomplete; production evidence is representative
72.0,96,Alabaster,,AMX7296AL,90.01,270.03,,"Lotus.pdf p20-24,97; Digital Catalog V1.1.25 p12-13,34",color_ordering_sku_missing,unresolved_exception,Exact boundary geometry/source only; current account price authority and all-in dealer cost remain incomplete; production evidence is representative
78.0,96,White,,,,,,"Lotus.pdf p20-24,97; Digital Catalog V1.1.25 p12-13,34",source_cell_unavailable,unresolved_exception,Exact boundary geometry/source only; current account price authority and all-in dealer cost remain incomplete; production evidence is representative
78.0,96,Alabaster,,,,,,"Lotus.pdf p20-24,97; Digital Catalog V1.1.25 p12-13,34",source_cell_unavailable,unresolved_exception,Exact boundary geometry/source only; current account price authority and all-in dealer cost remain incomplete; production evidence is representative
82.5,96,White,,,,,,"Lotus.pdf p20-24,97; Digital Catalog V1.1.25 p12-13,34",source_cell_unavailable,unresolved_exception,Exact boundary geometry/source only; current account price authority and all-in dealer cost remain incomplete; production evidence is representative
82.5,96,Alabaster,,,,,,"Lotus.pdf p20-24,97; Digital Catalog V1.1.25 p12-13,34",source_cell_unavailable,unresolved_exception,Exact boundary geometry/source only; current account price authority and all-in dealer cost remain incomplete; production evidence is representative
89.0,96,White,,,,,,"Lotus.pdf p20-24,97; Digital Catalog V1.1.25 p12-13,34",source_cell_unavailable,unresolved_exception,Exact boundary geometry/source only; current account price authority and all-in dealer cost remain incomplete; production evidence is representative
89.0,96,Alabaster,,,,,,"Lotus.pdf p20-24,97; Digital Catalog V1.1.25 p12-13,34",source_cell_unavailable,unresolved_exception,Exact boundary geometry/source only; current account price authority and all-in dealer cost remain incomplete; production evidence is representative
95.0,96,White,,,,,,"Lotus.pdf p20-24,97; Digital Catalog V1.1.25 p12-13,34",source_cell_unavailable,unresolved_exception,Exact boundary geometry/source only; current account price authority and all-in dealer cost remain incomplete; production evidence is representative
95.0,96,Alabaster,,,,,,"Lotus.pdf p20-24,97; Digital Catalog V1.1.25 p12-13,34",source_cell_unavailable,unresolved_exception,Exact boundary geometry/source only; current account price authority and all-in dealer cost remain incomplete; production evidence is representative
17.0,108,White,CAMX17108W,AMX17108WH,29.05,87.15,,"Lotus.pdf p20-24,97; Digital Catalog V1.1.25 p12-13,34",source_supported_exact_boundary,unresolved_exception,Exact boundary geometry/source only; current account price authority and all-in dealer cost remain incomplete; production evidence is representative
17.0,108,Alabaster,,,29.05,87.15,,"Lotus.pdf p20-24,97; Digital Catalog V1.1.25 p12-13,34",color_ordering_sku_missing,unresolved_exception,Exact boundary geometry/source only; current account price authority and all-in dealer cost remain incomplete; production evidence is representative
23.0,108,White,CAMX23108W,AMX23108WH,36.84,110.52,,"Lotus.pdf p20-24,97; Digital Catalog V1.1.25 p12-13,34",source_supported_exact_boundary,unresolved_exception,Exact boundary geometry/source only; current account price authority and all-in dealer cost remain incomplete; production evidence is representative
23.0,108,Alabaster,CAMX23108A,AMX23108AL,36.84,110.52,,"Lotus.pdf p20-24,97; Digital Catalog V1.1.25 p12-13,34",source_supported_exact_boundary,unresolved_exception,Exact boundary geometry/source only; current account price authority and all-in dealer cost remain incomplete; production evidence is representative
27.0,108,White,CAMX27108W,AMX27108WH,42.02,126.06,,"Lotus.pdf p20-24,97; Digital Catalog V1.1.25 p12-13,34",source_supported_exact_boundary,unresolved_exception,Exact boundary geometry/source only; current account price authority and all-in dealer cost remain incomplete; production evidence is representative
27.0,108,Alabaster,CAMX27108A,AMX27108AL,42.02,126.06,,"Lotus.pdf p20-24,97; Digital Catalog V1.1.25 p12-13,34",source_supported_exact_boundary,unresolved_exception,Exact boundary geometry/source only; current account price authority and all-in dealer cost remain incomplete; production evidence is representative
30.0,108,White,CAMX30108W,,47.21,141.63,,"Lotus.pdf p20-24,97; Digital Catalog V1.1.25 p12-13,34",exact_boundary_stock_donor_missing,unresolved_exception,Exact boundary geometry/source only; current account price authority and all-in dealer cost remain incomplete; production evidence is representative
30.0,108,Alabaster,CAMX30108A,,47.21,141.63,,"Lotus.pdf p20-24,97; Digital Catalog V1.1.25 p12-13,34",exact_boundary_stock_donor_missing,unresolved_exception,Exact boundary geometry/source only; current account price authority and all-in dealer cost remain incomplete; production evidence is representative
35.0,108,White,CAMX35108W,,53.69,161.07,,"Lotus.pdf p20-24,97; Digital Catalog V1.1.25 p12-13,34",exact_boundary_stock_donor_missing,unresolved_exception,Exact boundary geometry/source only; current account price authority and all-in dealer cost remain incomplete; production evidence is representative
35.0,108,Alabaster,CAMX35108A,,53.69,161.07,,"Lotus.pdf p20-24,97; Digital Catalog V1.1.25 p12-13,34",exact_boundary_stock_donor_missing,unresolved_exception,Exact boundary geometry/source only; current account price authority and all-in dealer cost remain incomplete; production evidence is representative
39.0,108,White,CAMX39108W,AMX39108WH,62.77,188.31,,"Lotus.pdf p20-24,97; Digital Catalog V1.1.25 p12-13,34",source_supported_exact_boundary,unresolved_exception,Exact boundary geometry/source only; current account price authority and all-in dealer cost remain incomplete; production evidence is representative
39.0,108,Alabaster,CAMX39108A,AMX39108AL,62.77,188.31,,"Lotus.pdf p20-24,97; Digital Catalog V1.1.25 p12-13,34",source_supported_exact_boundary,unresolved_exception,Exact boundary geometry/source only; current account price authority and all-in dealer cost remain incomplete; production evidence is representative
43.0,108,White,CAMX43108W,AMX43108WH,62.77,188.31,,"Lotus.pdf p20-24,97; Digital Catalog V1.1.25 p12-13,34",source_supported_exact_boundary,unresolved_exception,Exact boundary geometry/source only; current account price authority and all-in dealer cost remain incomplete; production evidence is representative
43.0,108,Alabaster,CAMX43108A,AMX43108AL,62.77,188.31,,"Lotus.pdf p20-24,97; Digital Catalog V1.1.25 p12-13,34",source_supported_exact_boundary,unresolved_exception,Exact boundary geometry/source only; current account price authority and all-in dealer cost remain incomplete; production evidence is representative
48.0,108,White,CAMX48108W,AMX48108WH,69.25,207.75,,"Lotus.pdf p20-24,97; Digital Catalog V1.1.25 p12-13,34",source_supported_exact_boundary,unresolved_exception,Exact boundary geometry/source only; current account price authority and all-in dealer cost remain incomplete; production evidence is representative
48.0,108,Alabaster,CAMX48108A,AMX48108AL,69.25,207.75,,"Lotus.pdf p20-24,97; Digital Catalog V1.1.25 p12-13,34",source_supported_exact_boundary,unresolved_exception,Exact boundary geometry/source only; current account price authority and all-in dealer cost remain incomplete; production evidence is representative
54.0,108,White,CAMX54108W,AMX54108WH,77.04,231.12,,"Lotus.pdf p20-24,97; Digital Catalog V1.1.25 p12-13,34",source_supported_exact_boundary,unresolved_exception,Exact boundary geometry/source only; current account price authority and all-in dealer cost remain incomplete; production evidence is representative
54.0,108,Alabaster,CAMX54108A,AMX54108AL,77.04,231.12,,"Lotus.pdf p20-24,97; Digital Catalog V1.1.25 p12-13,34",source_supported_exact_boundary,unresolved_exception,Exact boundary geometry/source only; current account price authority and all-in dealer cost remain incomplete; production evidence is representative
59.0,108,White,CAMX59108W,AMX59108WH,83.52,250.56,,"Lotus.pdf p20-24,97; Digital Catalog V1.1.25 p12-13,34",source_supported_exact_boundary,unresolved_exception,Exact boundary geometry/source only; current account price authority and all-in dealer cost remain incomplete; production evidence is representative
59.0,108,Alabaster,CAMX59108A,AMX59108AL,83.52,250.56,,"Lotus.pdf p20-24,97; Digital Catalog V1.1.25 p12-13,34",source_supported_exact_boundary,unresolved_exception,Exact boundary geometry/source only; current account price authority and all-in dealer cost remain incomplete; production evidence is representative
63.0,108,White,CAMX63108W,AMX63108WH,88.71,266.13,,"Lotus.pdf p20-24,97; Digital Catalog V1.1.25 p12-13,34",source_supported_exact_boundary,unresolved_exception,Exact boundary geometry/source only; current account price authority and all-in dealer cost remain incomplete; production evidence is representative
63.0,108,Alabaster,CAMX63108A,AMX63108AL,88.71,266.13,,"Lotus.pdf p20-24,97; Digital Catalog V1.1.25 p12-13,34",source_supported_exact_boundary,unresolved_exception,Exact boundary geometry/source only; current account price authority and all-in dealer cost remain incomplete; production evidence is representative
69.0,108,White,CAMX69108W,AMX69108WH,96.49,289.47,,"Lotus.pdf p20-24,97; Digital Catalog V1.1.25 p12-13,34",source_supported_exact_boundary,unresolved_exception,Exact boundary geometry/source only; current account price authority and all-in dealer cost remain incomplete; production evidence is representative
69.0,108,Alabaster,CAMX69108A,AMX69108AL,96.49,289.47,,"Lotus.pdf p20-24,97; Digital Catalog V1.1.25 p12-13,34",source_supported_exact_boundary,unresolved_exception,Exact boundary geometry/source only; current account price authority and all-in dealer cost remain incomplete; production evidence is representative
72.0,108,White,CAMX72108W,AMX72108WH,100.38,301.14,,"Lotus.pdf p20-24,97; Digital Catalog V1.1.25 p12-13,34",source_supported_exact_boundary,unresolved_exception,Exact boundary geometry/source only; current account price authority and all-in dealer cost remain incomplete; production evidence is representative
72.0,108,Alabaster,CAMX72108A,AMX72108AL,100.38,301.14,,"Lotus.pdf p20-24,97; Digital Catalog V1.1.25 p12-13,34",source_supported_exact_boundary,unresolved_exception,Exact boundary geometry/source only; current account price authority and all-in dealer cost remain incomplete; production evidence is representative
78.0,108,White,,,,,,"Lotus.pdf p20-24,97; Digital Catalog V1.1.25 p12-13,34",source_cell_unavailable,unresolved_exception,Exact boundary geometry/source only; current account price authority and all-in dealer cost remain incomplete; production evidence is representative
78.0,108,Alabaster,,,,,,"Lotus.pdf p20-24,97; Digital Catalog V1.1.25 p12-13,34",source_cell_unavailable,unresolved_exception,Exact boundary geometry/source only; current account price authority and all-in dealer cost remain incomplete; production evidence is representative
82.5,108,White,,,,,,"Lotus.pdf p20-24,97; Digital Catalog V1.1.25 p12-13,34",source_cell_unavailable,unresolved_exception,Exact boundary geometry/source only; current account price authority and all-in dealer cost remain incomplete; production evidence is representative
82.5,108,Alabaster,,,,,,"Lotus.pdf p20-24,97; Digital Catalog V1.1.25 p12-13,34",source_cell_unavailable,unresolved_exception,Exact boundary geometry/source only; current account price authority and all-in dealer cost remain incomplete; production evidence is representative
89.0,108,White,,,,,,"Lotus.pdf p20-24,97; Digital Catalog V1.1.25 p12-13,34",source_cell_unavailable,unresolved_exception,Exact boundary geometry/source only; current account price authority and all-in dealer cost remain incomplete; production evidence is representative
89.0,108,Alabaster,,,,,,"Lotus.pdf p20-24,97; Digital Catalog V1.1.25 p12-13,34",source_cell_unavailable,unresolved_exception,Exact boundary geometry/source only; current account price authority and all-in dealer cost remain incomplete; production evidence is representative
95.0,108,White,,,,,,"Lotus.pdf p20-24,97; Digital Catalog V1.1.25 p12-13,34",source_cell_unavailable,unresolved_exception,Exact boundary geometry/source only; current account price authority and all-in dealer cost remain incomplete; production evidence is representative
95.0,108,Alabaster,,,,,,"Lotus.pdf p20-24,97; Digital Catalog V1.1.25 p12-13,34",source_cell_unavailable,unresolved_exception,Exact boundary geometry/source only; current account price authority and all-in dealer cost remain incomplete; production evidence is representative
