"product_id","module_patterns","dynamic_scope","saved_record","source_pages","pricing_status","production_proof","remaining_classification"
"citylights_aluminum","norman-citylights|norman-family-rules.ts|norman-assemblies.ts|rules.ts","Slat/finish/privacy compatibility; measured mounting depth/fit; wand drop; bracket method; shims/hold-downs; matching group and per-blind widths","options_json.citylights_*; mount_depth_inches; citylights_matching_v1; server hardware/assembly snapshots","CityLights Guide pp4,7–10,15–19; matching p17","Documented normal branches priced; half-inch availability held","805-0323; RESULTS.md live table; total863.50","External: half-inch current availability, account factors/fees. Verification: exhaustive cross-product combinations. No missing dynamic control confirmed in this review."
"faux_wood","norman-ultimate-|norman-family-rules.ts|norman-assemblies.ts|rules.ts","1/3 independent blind widths; wand, recess, shim and bracket controls; valance custom width/returns; keystone count/custom positions; measured left/right corner or middle cut-outs; common/matching groups","options_json.ultimate_*; faux_blind_*; ultimate_common_valance_v1; ultimate_matching_v1; server component hardware","Ultimate Faux Guide pp6–15; common pp7,11,12,14; matching p13; cut-outs p15","Normal source-backed branches priced; common/custom width and multiple-keystone price basis held","805-0321,0322; RESULTS.md total363.65/727.30","Implementation: standalone valance destination absent (Guide p11 explicitly permits valance-only orders with max384-inch inner length). External: standalone account price; common/custom charge basis; >1 keystone charges; final inside grid cell."
"honeycomb","norman-honeycomb-|honeycomb-|norman-family-rules.ts|norman-assemblies.ts|rules.ts","Fabric/cell/lift/application matrix; separate rear fabric/cell; specialty NET dimensions and confirmations; measured mount fit/depth; guard/holder and bracket hardware; poles/magnets; remote/network/panel and counted accessories; charging clearance","options_json honeycomb_* and specialty/net fields; norman_assembly_v1; server hardware/mounting records; motorization_selections","Honeycomb Guide pp6–10,36–38,45,47–49 and generated matrix page references; Motorization pp10–18,66–69,80–82","Normal supported standard and bounded specialty branches price; unresolved dual/specialty geometry remains held","805-0319;0343 mounting454;0345 charging1439;0347 specialty543; RESULTS/source-specific production JSON","Implementation review needed: remaining framed dual/Day & Night surcharge assembly versus guide exact rear/section dimensions. External: ambiguous charging minimum-height wording and dealer-account factors. Source-backed controls are implemented, export incomplete."
"vertical_honeycomb","norman-honeycomb-vertical|norman-vertical-pair|honeycomb-|norman-family-rules.ts|norman-assemblies.ts|rules.ts","Patio-door cell/fabric/application; left/right measured panels and split location; cut-out rail; predrilled/bracket installation/shims; Butt Together pair ID and side","options_json.vertical_*; vertical_honeycomb_pair_v1; norman_assembly_v1","Honeycomb Guide pp7,36–38,47,49","Documented standard and validated pair priced; unsupported combinations blocked","805-0319 vertical950;0344 Butt Together2647 with mismatched-height negative; RESULTS.md","Verification: full combination coverage; no new missing source-backed field found. Dealer factors/fees still external."
"roller","norman-roller-|roller-|NormanRoller|norman-family-rules.ts|norman-assemblies.ts|rules.ts","Single/dual/coupled/common application; all measured component widths/gaps/net/order bases; fabric matrix/tube/top treatment/power grouping; installation/shims/raceway; common membership/custom finished width/returns; shared18-motor panel","roller_hardware_v1; roller_common_choice_v1; derived roller_common_valance_v1; motorization_selections and norman_assembly_v1; component fields","Roller Guide pp19,33–41,53–58,74; min/max matrices retain row source; Motorization p75","Normal documented branches priced; shared-common price basis remains held","805-0346 hardware1332;0350 panel13121/19-motor negative;0349 common held; outputs/onyx-audit-20260920 roller proof docs","Implementation: common-valance maximum tube upgrade is currently a mismatch blocker, not automatic group sizing. External: common charge allocation/width, material roll-width authority, custom bracket formula rounding. Do not blanket enable."
"roman","norman-roman-|norman-family-rules.ts|norman-assemblies.ts|rules.ts","Current front/rear fabric identity; independent day/night lining and pattern; railroad/seam width rules; banding color; common left/right widths/motors; mounting/returns, custom chain; magnet/shim/pole total; shared panel and mixed adapter accessory allocations","options_json.roman_*; roman/common dimensions; norman_assembly_v1; motorization_selections; finished-size/matching hardware records","Roman Guide pp2,21,34,46,50 plus exact sourcePage per fabric limits; Motorization pp21,23; Retail pp26–27 absolute","Documented shade branches priced; account-specific costs not certified","805-0327–0331;0332;0336;0338; RESULTS.md A–H proof","No concrete missing shade input confirmed. Remaining dealer comparisons/exhaustive combinations are proof work. Ancillaries inventoried as separate destinations."
"perfectsheer","norman-perfectsheer-|norman-perfectsheer.ts|norman-valance-gaps|norman-family-rules.ts|norman-assemblies.ts|rules.ts","Tube diameter and valance height/finish/fabric; mount/install/guards/magnets; custom chains; custom/shared valance IDs/positions/gaps/return size/splice positions/At Gaps offset; matching; power/remotes/solar/charging extra counts","options_json.perfectsheer_*; perfectsheer_common_valance_v1; matching and norman_assembly_v1; motorization_selections","PS-SD Guide pp32–45, common/splice pp36–39, guards44–45; Motorization pp39,41,74,91","Family remains held; saved configurations validated; no universal price claim","805-0316 and0348 At Gaps persistence/negative checks; RESULTS.md","External: wood-bracket assignment; same-page keystone max3 vs5; common Light Guard charge scope; Automate kit identity. Implementation/proof: bounded eligible branch gating should be assessed separately; broad family hold is not evidence all rules absent."
"smartfold","norman-smartfold-|norman-valance-gaps|NormanSmartfold|norman-family-rules.ts|norman-assemblies.ts|rules.ts","Fold/style/finishes and motor/accessories; separate chain length; custom/common valance width/returns/gaps/splice positions/At Gaps offset; side-by-side groups; atomic charging counts; outside two clearances; inside Basic Light Guard recess/full assembly depth","options_json.smartfold_*; smartfold_charging_v1; smartfold_clearance_v1; norman_assembly_v1; common/matching and mounting records","SmartFold Guide pp2,5–8,14–16,19,21,23–24,26–34,37–38; Motorization pp57,94","Only September outside/no-valance/current fabric/Norman Smart rechargeable standard branch documented_limited. Other branches remain held","805-0342 total5023 incl once-only215;0348 At Gaps;0352 inside depth3.5 rejected vs3.52 minimum; smartfold-inside-light-guard-production-20260920.json (parent full reopen in progress at handoff)","Implemented latest inside clearance at snapshot. Source-conflict: custom bracket rounding and remaining roll diameter mapping. Implementation/proof: separately audit source-complete cordless outside and accessory branches before eligibility expansion. October remains date held."
"smartdrape","norman-smartdrape-|norman-smartdrape.ts|norman-family-rules.ts|norman-assemblies.ts|rules.ts","Stack/control/motor compatibility; pair ID/positions/center keystone; headrail and alternate vane colors; wand drop; installation and pocket depth/height; track joints/brackets/shims; attached vane packs/style; remote/network/charging quantities","options_json.smartdrape_* plus track/install fields; norman_assembly_v1; smartdrape pair/track/hardware records","PS-SD Guide pp6–7,17–24; Motorization pp50–51","Documented branches validate; exact source gaps and unverified extras held","805-0318 track190, motor/accessory and100/150 pair persistence; RESULTS.md","External numeric gaps: center-opening bracket94.25–94.5; motor pocket8.875–9; exact30gap; blankF2128–2130aliases. Cross-family motor-accessory allocation requires implementation review separate from these gaps."
"smartprivacy_faux","norman-smartprivacy|norman-family-rules.ts|norman-assemblies.ts|rules.ts","Measured1/3 independent blinds; six finish identities; wand and mount fit/depth; return sides/custom return length/custom single valance; shim layers; side support/method/hold-downs","options_json.smartprivacy_*; faux_blind_*; server independent-blind hardware record","SmartPrivacy Guide pp5–11; standalone availability p4","Normal branches priced; beyond-final-grid/standalone held","805-0320 total283.86; RESULTS.md","Implementation: standalone valance destination absent, Guide p10 explicitly permits max384-inch valance-only inner length; >96 splits equally, no custom splits/keystones. External: current standalone cost and final inside-width grid price. Common valances/cutouts unavailable; must not expose inherited options."
"synchrony_vertical","norman-synchrony|norman-family-rules.ts|norman-assemblies.ts|rules.ts","Source color ordering codes; hardware color; stack/draw/control compatibility; wand drop; shim count; mount depth; side-by-side position","options_json.vertical_* and mount_depth_inches; norman_assembly_v1 hardware","Vertical Blinds Guide pp4–12 and source rows; see module-source-index exact branch citations","Normal source retail priced; cost factor applicability unresolved","805-0313 total386; RESULTS.md","No new missing source-backed control confirmed. External: account .30 observed vs CRM .33; freight/processing. No factor substituted."
"palladian_shelf","norman-family-rules.ts|norman-assemblies.ts|rules.ts","Ordered vs custom shelf width; depth increments; supported weight; current coded finish; accompanying product/line selection; grouped quantity and deductions","options_json.shelf_*; accompanying_product_id/line ID; server linked shelf assembly","Palladian Guide pp5–8; Retail p37","With-product schedule supported; standalone authoritative freight held","805-0312 linked;0314 standalone qty2 depth2.125 weight20; RESULTS.md","External: standalone freight and account factor. Control/linked server calculations implemented; exported fields miss numeric dimensions and order link."
"wood_blinds","norman-wood|norman-family-rules.ts|norman-assemblies.ts|rules.ts","Measured mount/depth/fit; source-date wand; valance/custom returns/width; keystone1–3 positions; side support/shims/hold-downs; measured left/right cut-outs; common and matching groups","options_json.wood_*; wood_common_valance_v1; wood_matching_v1; hardware record","Ultimate Wood Guide pp6–20, matching18/common17/cutout19–20; dealer valance portal evidence2026-09-19","Supported standard/validated valances priced; short-wand running-change and ambiguous depths/grid held","805-0325 pair1653/custom835.50;0341 total609.90 restored17.75 wand; RESULTS.md","Standalone valance listing not confirmed from this guide extraction; do not promote it as a new source-backed offering. Potential stale cutout_common family guard if legacy application label common remains set despite complete typed group; source19 permits outer only and assemblies already validate this. External:1.375vs1.625minimumdepth, short wand running change, final grid."
"norman_shutters","norman-shutter-|NormanShutter|NormanBifold|norman-family-rules.ts|norman-assemblies.ts|rules.ts","All six program-specific finish/frame/louver/hinge/tilt choices; frame sides/mount/measurement geometry; atomic panel height/divider/application/motor record; BiFold180 stack/layout/panel widths/mount surface; typed casing/header/fascia/baseboard/buildout/pivot/light-block","options_json shutter construction; norman_shutter_panels_v1 with bifold180; nested construction geometry records; authoritative derived snapshots","Six program binders; regular frame and panel pages per modules; BiFold180 j1 pp2–5; Aqua Open Bypass p93; module-source-index preserves per-program pages","All six price held: account rates/surcharges not approved; unsupported shape/track branches also held","805-0326 all six atomic save/full reload; BiFold180 latest code atce375e05 needs own final live proof pointer","Implementation/source audit: full specialty shapes, remaining track types and divider location geometry not implemented exhaustively. Do not call all unknown evidence: binder geometry can support further scoped implementations. Account rates remain external."
"norman_roman_fabric_by_yard","norman-roman-ancillary|NormanRomanAncillary","Exact source fabric, explicit decimal yards per cut, natural-unit quantity1; no fake opening size","norman_roman_ancillary_v1 {version,kind:yardage,colorCode,yards}; derived retail reference/unit","Roman Guide pp34,46,50; Retail September absolute26–27","All price approval/availability/freight held; group2 September rate missing; fractional increments saved and held","805-0340 ScarlettF1599 explicit2.5yards persists; RESULTS.md/ancillary production proof","External: fractional increments, currentavailability/freight/priceapproval, group2yardrate. Max10yards validated. No additional input gap confirmed."
"norman_roman_pillow_covers","norman-roman-ancillary|NormanRomanAncillary","11 source sizes; knife/piping15%; eligible fabric filtering; quote quantity counts covers; no insert or shade dimensions","norman_roman_ancillary_v1 {version,kind:pillow_cover,colorCode,size,edge}; derived retail reference","Roman Guide pp34,46,50; September Retail absolute26–27","All price approval/availability/freight held; retailreference is not approved sellingprice","805-0340 AlmaF1621 20x20piping qty3 reference123.05 each; RESULTS.md","External: source warns confirmation before order; currentavailability/accountcost/freight. Typed units implemented."
"norman_smartdrape_replacement_vanes","norman-smartdrape-replacement|NormanSmartdrapeReplacement","Original work order; styleA/B; original single/side-by-side and stack; one/alternate color codes; original vane count; exact vane length; quantity packs of6","smartdrape_replacement_request_v1 typed record and derived pack reference; exact key in typed-records/source module","PS-SD Guide p24; conflicting September retail replacement schedule","Entire destination held; no source rate invented","805-0339B naturalpack persistence/customer output blocked; parent Lotus evidence","External: contradictory retail/guideprice,currentwork-orderavailability/freight. All required source inputs selectable and server validated."
"san_clemente_honeycomb","norman-san-clemente|SanClemente","Exact9/16fabric/program,Cordless/TDBU; mount fit/depth;36/60pole and attachment count0–2,total<=2","options_json.san_clemente_*; mount_depth_inches; installation_method; source identity","San Clemente November2025 Guide pp4–8","All current prices manual_required; distinct catalog destination, no Portrait/Ultimate price reuse","805-0312 all selections saved/reopened; RESULTS.md","External: current base/accessory price schedules and account applicability. No missing input confirmed."
"san_clemente_faux_wood","norman-san-clemente|SanClemente","Exact2inch embossed colors; fixedCordless/left/standardvalance; mountfit/depth; top/back/sideonly/side+top method","options_json.san_clemente_*; mount_depth_inches; installation_method; source identity","San Clemente November2025 Guide pp9–13","All current prices manual_required; distinct catalog destination, no Portrait/Ultimate price reuse","805-0312 all selections saved/reopened; RESULTS.md","External: current base/accessory price schedules and account applicability. Review semi-inside numeric depth source: current validator only checks flush-side explicit depth; exact source needs source review before claiming missing guard."
"norman_contract_faux_wood","norman-contract|NormanContract","Exactfinish/slat/fixedcordless; mountfit/depth;wandside/drop;valance/customwidth/returns;hold-down/spacer","options_json.contract_*; mount_depth_inches; server contract order record","ContractFaux EditionM May2024 pp5,8–10,15","All current prices manual_required; project quotation required","805-0312 all selections saved/reopened; RESULTS.md","External: current project base/options/freight; No additional missing source-backed control confirmed."
"norman_contract_vertical","norman-contract|NormanContract","Project vertical order total>=50; mountfit/depth; wand side/drop; headrailfinish;shimlayers","options_json.contract_*; mount_depth_inches; server contract order record","ContractVertical EditionB Nov2024 pp4,6,8–10; ContractRequestp1","All current prices manual_required; project quotation required","805-0312 all selections saved/reopened; RESULTS.md","External: current project base/options/freight; FullyInside table.75vsdrawing3.75depth conflict."
