"file","sha256","products","source_references"
"src/components/crm/NormanBifold180ConstructionOptions.tsx","d5302de2cb830d312e9ecf31a1988be7474097ca7f267091ede06055aa541799","norman_shutters",""
"src/components/crm/NormanContractDesignOptions.tsx","0b6145cf7562e9f7bd44d0d1505626942ef12c59ab61d7a410b4a37ec6b432de","norman_contract_faux_wood|norman_contract_vertical",""
"src/components/crm/NormanRollerCommonOptions.tsx","36c5db308d9121386d20a315def5464cd1530c9e7019a359c73cef18bf933b2f","roller",""
"src/components/crm/NormanRollerHardwareOptions.tsx","d476a787802a38c95f7b786af48b81f5a83d3d0b449ac055150a86ca909d2526","roller",""
"src/components/crm/NormanRollerMeasureFields.tsx","4621bb57edebe8b736d6196ac27e1097cb8ab9b1340963af22bee937d518c314","roller",""
"src/components/crm/NormanRollerPanelOptions.tsx","7e3c847a02fa6785f08c3ebda25dab95019fe03fbc3c4532a199e389b156a174","roller",""
"src/components/crm/NormanRomanAncillaryOptions.tsx","d84a142912828a4d33bd192dabb1f1276188192c5eb64159d88ebe5ac764bb3a","norman_roman_fabric_by_yard|norman_roman_pillow_covers",""
"src/components/crm/NormanShutterPanelOptions.tsx","e4811b0a6968381d428539403039ffe86c2f2af0c7a912f67136d88d228b1d5c","norman_shutters",""
"src/components/crm/NormanSmartdrapeReplacementOptions.tsx","d3142ca71786e0cb9122747ffce00223e1ffd0816d385860057948b9bd27f4d5","norman_smartdrape_replacement_vanes",""
"src/components/crm/NormanSmartfoldChargingOptions.tsx","9c6c44edf1cc111dfc11d5e397a95837caa94ffbe22601c411872139ca144323","smartfold",""
"src/components/crm/NormanSmartfoldClearanceOptions.tsx","9348cc4bc02cdb7ad26deb873657aaffb3787aeaf56342fa0fc647331dad67bc","smartfold","10: return <section data-testid=""norman-smartfold-clearance"" className=""space-y-3 rounded-lg border border-slate-200 p-3""><h3 className=""font-semibold"">SmartFold outside mounting clearance</h3>{field(""Screw mounting-area height (inches)"",""mountingAreaHeight"")}{field(""Available shade mounting-space height (inches)"",""mountingSpaceHeight"")}<p className=""text-xs text-slate-600"">Measure these separately. The 3½/4½-inch brackets need ¾-inch screw mounting area and 1½-inch shade space. Six-inch brackets need 1.15-inch screw area and 2-inch shade space. Source: SmartFold Guide page 34.</p><button type=""button"" className=""rounded-lg border border-slate-300 px-3 py-2 text-sm"" disabled={!smartfoldClearanceDirty(draft)} onClick={()=>{setDraft(s=>({...s,submitted:s.record}));onUpdateFields({options_json:{...c,[KEY]:draft.record}});}}>Save SmartFold mounting clearance</button><p role=""status"">{smartfoldClearanceDirty(draft)?""Unsaved SmartFold mounting clearance"":draft.submitted?""SmartFold mounting clearance submitted"":""No unsaved SmartFold mounting clearance""}</p></section>;"
"src/components/crm/SanClementeDesignOptions.tsx","06696673354772fa7069ad439fe5caf5e018764cbc5a7799712dab80693e8f35","san_clemente_honeycomb|san_clemente_faux_wood",""
"src/lib/quote-v2/honeycomb-matrix.ts","55674ad2c1d128de845a88c7142c3918d156e377e289a6a4f5f3592630b687bf","honeycomb|vertical_honeycomb","7: import { sourceProvenance, type SourceManifestId } from ""./source-manifest"";
85: readonly sourcePage: number;
98: /** Normalized from the NET-size table on guide page 5. */
106: sourcePage: 5,
113: sourcePage: 5,
121: sourcePage: 5,
129: sourcePage: 5,
137: sourcePage: 5,
144: sourcePage: 5,
157: sourcePage: 5,
170: sourcePage: 5,
184: sourcePage: 5,
192: sourcePage: 5,
206: sourcePage: 5,
213: sourcePage: 5,
221: sourcePage: 5,
229: sourcePage: 5,
237: sourcePage: 5,
245: sourcePage: 5,
253: sourcePage: 5,
260: sourcePage: 5,
267: sourcePage: 5,
275: sourcePage: 5,
282: sourcePage: 5,
289: sourcePage: 5,
302: sourcePage: 5,
315: sourcePage: 5,
328: sourcePage: 5,
341: sourcePage: 5,
354: sourcePage: 5,
361: sourcePage: 5,
368: sourcePage: 5,
381: sourcePage: 20,
394: sourcePage: 34,
407: sourcePage: 35,
422: /** Frame-to-frame limits from guide page 20. */
803: const powerSource = compact(
1014: sourcePage: motorLimits.sourcePage,
1015: sourceId: NORMAN_MOTORIZATION_SOURCE_ID,
1027: sourceId: NORMAN_MOTORIZATION_SOURCE_ID,
1041: sourcePage: 39,
1095: sourceId: SourceManifestId = HONEYCOMB_GUIDE_SOURCE_ID,
1101: source: sourceProvenance(sourceId, location),"
"src/lib/quote-v2/norman-assemblies.ts","eef449f0f28e24ba26fd956bab08d43a996989a47c6b06e5452e94d26ec6bdf4","citylights_aluminum|faux_wood|honeycomb|vertical_honeycomb|roller|roman|perfectsheer|smartfold|smartdrape|smartprivacy_faux|synchrony_vertical|palladian_shelf|wood_blinds|norman_shutters","34: import { sourceProvenance } from ""./source-manifest"";
42: const source = (page: number) => sourceProvenance(""norman-motorization-guide-2026-09-16"", { page });
88: motorPositions: [""left"", ""right""], motors: /motor/i.test(String(selection.configuration.lift_system)) ? [{shade:""left"",position:""Left"",width:widths[0]}, {shade:""right"",position:""Right"",width:widths[1]}] : [], sourceId: ""norman-motorization-guide-2026-09-16"", sourcePage: 21,
137: sourceId: ""norman-motorization-guide-2026-09-16"", sourcePage: row.selection.productId === ""honeycomb"" ? 10 : row.selection.productId === ""smartfold"" ? 56 : row.selection.productId === ""perfectsheer"" ? 39 : 21,
161: source: sourceProvenance(current ? ""norman-palladian-guide-2026-09-01"" : ""norman-retail-guide-2026-09"", { page: current ? page : 37 }),
211: sourceId: ""norman-palladian-guide-2026-09-01"", sourcePages: [5, 6, 8],
258: sourceId: ""norman-motorization-guide-2026-09-16"", sourcePage: family === ""automate_home"" ? 75 : m.selection.productId === ""perfectsheer"" ? 41 : m.selection.productId === ""roman"" ? 23 : 14,
287: line.selection.configuration={...line.selection.configuration,[NORMAN_ASSEMBLY_KEY]:{...assembly,motorNetwork:{version:1,network:first.network,family:first.family,connectedLineIds:members.map(m=>m.line.lineId).sort(),repeaters,capacity,sourceId:""norman-motorization-guide-2026-09-16"",sourcePage:networkSourcePage}}};
321: sourceId:""norman-motorization-guide-2026-09-16"",sourcePage:page,
328: version:1, type:""smartfold_complimentary_pole"", sourceId:""norman-smartfold-guide-2026-09-10"",sourcePage:21,"
"src/lib/quote-v2/norman-blind-draft-preview.ts","657245fe5bceb47db23d1c70e603f5890b589550d6cd4679e8985b0c7c18478b","",""
"src/lib/quote-v2/norman-citylights.ts","850633780d9a46e56b76c8f7d269bcfa252d55f94518511d47a5827053338cc3","citylights_aluminum","5: import { sourceProvenance } from ""./source-manifest"";
13: const add=(id:string,page:number,explanation:string)=>issues.push({severity:""hard_block"",ruleId:`norman.citylights.${id}`,source:sourceProvenance(CITYLIGHTS_SOURCE,{page}),selectedValues:{...c,width:s.widthInches,height:s.heightInches},explanation});
46: return {issues,surchargeSelections,record:{version:1,type:""citylights_blind"",sourceId:CITYLIGHTS_SOURCE,sourcePages:[7,8,9,10,15,16,17,18,19],slatSize:slat,color:{code,finish},orderedWidth:finite(s.widthInches),netWidth:finite(net),height:finite(h),lightControl:route,lift:net<15?""No Lift"":""Cordless"",handles:slat===1&&net>=15?2:0,wand:{side,drop:finite(wand),color:slat===1?""Clear"":""Color Coordinated"",split:slat===1?(!present(c.citylights_wand_drop)||wand===citylightsWand(1,h)?wand-1.125>net:null):(wand>=47.25?true:null)},mounting:{fit:inside?fit:null,requiredDepth:inside?depth:null,brackets,sideSupport:sideMount,topSupport:!sideOnly,shims:finite(brackets*layers),shimExtension:layers===2?.6875:layers===1?.375:0,holdDowns:yes(c.citylights_hold_down)?2:0,screws:{mounting:brackets*2,mountingLength:layers?2:1.25,holdDown:yes(c.citylights_hold_down)?2:0,sideNutBolt:sideOnly?4:0}},...citylightsLadders(slat??1,route,net,h)}};
54: for(const row of rows){if(bad)issues.push({severity:""hard_block"",ruleId:""norman.citylights.matching"",source:sourceProvenance(CITYLIGHTS_SOURCE,{page:17}),selectedValues:{lineId:row.lineId,groupId:id},explanation:""A matching group needs at least two blinds with the same height, mount, slat size, route type and color.""});row.selection.configuration={...row.selection.configuration,[CITYLIGHTS_MATCH_KEY]:{version:1,groupId:id,lineIds:rows.map(r=>r.lineId),slatAlignmentTolerance:.25,sourceId:CITYLIGHTS_SOURCE,sourcePage:17}};}"
"src/lib/quote-v2/norman-contract-rules.ts","da06971584948da8af8d625e84092ccf0ee89f4c6e53ab398a345c24b666e763","norman_contract_faux_wood|norman_contract_vertical","3: import { sourceProvenance } from ""./source-manifest"";
17: const source = vertical ? CONTRACT_VERTICAL_SOURCE : CONTRACT_FAUX_SOURCE;
18: const add = (rule: string, page: number, explanation: string) => issues.push({ severity: ""hard_block"", ruleId: `norman.contract.${rule}`, source: sourceProvenance(source,{page}), selectedValues: { productId: s.productId, width: s.widthInches, height: s.heightInches, ...c }, explanation });
63: if (quantity>0 && quantity<50) issues.push({severity:""hard_block"",ruleId:""norman.contract.vertical_order_minimum"",source:sourceProvenance(CONTRACT_REQUEST_SOURCE,{page:1}),selectedValues:{quantity,lineIds:verticals.map(l=>l.lineId)},explanation:""Contract vertical orders require at least 50 blinds across the order. A current project quotation is still required.""});
75: sourceId:vertical?CONTRACT_VERTICAL_SOURCE:CONTRACT_FAUX_SOURCE,sourcePages:vertical?[4,6,8,10]:[5,8,9,10,15],orderQuantity:vertical?quantity:null}};"
"src/lib/quote-v2/norman-dealer-policy.ts","75412d7d42c10ba471336fbee3e0c2512cfc373ba8b665b6eb314878b7eb1ecc","","1: import { sourceProvenance } from ""./source-manifest"";
39: publishedFreightSource: sourceProvenance(""norman-retail-guide-2026-07"", {
43: sourceId: ""norman-dealer-pricing-snapshot-2026-07-20"","
"src/lib/quote-v2/norman-family-rules.ts","9bb880d0c8b42a4d077c07cefbbb81eef3d6541718a02d8ded987ef4dd0f9bc6","citylights_aluminum|faux_wood|honeycomb|vertical_honeycomb|roller|roman|perfectsheer|smartfold|smartdrape|smartprivacy_faux|synchrony_vertical|palladian_shelf|wood_blinds|norman_shutters","14: import { sourceProvenance, type SourceManifestId } from ""./source-manifest"";
33: const add = (rule: string, sourceId: SourceManifestId, page: number, explanation: string) => {
35: source: sourceProvenance(sourceId, { page }), selectedValues: { width: context.widthInches, height: context.heightInches, ...c }, explanation });
45: const source = ""norman-smartfold-guide-2026-09-10"";
69: issues.push({ severity: ""hard_block"", ruleId: ""norman.smartfold.fabric_size"", source: sourceProvenance(""norman-smartfold-minmax-2026-09-10"", { sheet: ""Single&Common"", range: limits.range }), selectedValues: { fabric: fabric.code, mode, width: w, height: h }, explanation: `${fabric.collection} ${mode}: width ${limits.minWidth}–${limits.maxWidth} inches, height ${limits.minHeight}–${limits.maxHeight} inches, maximum ${limits.maxArea} square feet.` });
75: const source = ""norman-citylights-guide-2026-08-01"";
96: const source = ""norman-wood-blinds-guide-2026-09-01"";
124: const source = ""norman-perfectsheer-smartdrape-guide-2026-09"";
132: const source = ""norman-perfectsheer-smartdrape-guide-2026-09"";
164: const source = currentGuide ? ""norman-palladian-guide-2026-09-01"" : ""norman-retail-guide-2026-09"";"
"src/lib/quote-v2/norman-honeycomb-charging-clearance.ts","a97d484bb4392070ea7528a881215d470cb9e06cfd129082decab88c5c099553","honeycomb|vertical_honeycomb","3: import { sourceProvenance } from ""./source-manifest"";
14: const add=(id:string,explanation:string,severity:ValidationIssue[""severity""]=""hard_block"")=>issues.push({severity,ruleId:`honeycomb.charging_clearance.${id}`,source:sourceProvenance(""norman-motorization-guide-2026-09-16"",{page:10}),selectedValues:{...c},explanation});
20: return {issues,record:{version:1,sourceId:""norman-motorization-guide-2026-09-16"",sourcePage:10,chargingPortRecessInches:recess,clearOpeningHeightInches:openingHeight,obstruction:obstruction||null,wandLengthInches:35.5,extensionPoleAddedClearanceInches:Number(c.honeycomb_charging_extension_poles??0)>0?33.75:0,printedHeightInequalityUnresolved:true}};"
"src/lib/quote-v2/norman-honeycomb-dual.ts","792cb80c82ce5d4001f292ceef3e94140c8b4fe8354a48e03532bfc779b6e959","honeycomb|vertical_honeycomb","4: import { sourceProvenance } from ""./source-manifest"";
35: version: 1, type: ""honeycomb_smartfit_dual"", sourceId: ""norman-retail-guide-2026-09"", sourcePages: [10, 11, 12],
48: source: sourceProvenance(""norman-retail-guide-2026-09"", { pages: [10, 11, 12, 14] }),"
"src/lib/quote-v2/norman-honeycomb-hardware.ts","2256a6ac6c38eb46195b3652ddbc83cdff7be4dde63529455210c3980df8bb01","honeycomb|vertical_honeycomb","6: import { sourceProvenance } from ""./source-manifest"";
62: sourceId: ""norman-honeycomb-guide-2026-07"", sourcePages: [6, 45, 47, 48, 49],
77: const add = (id: string, page: number, explanation: string) => issues.push({severity: ""hard_block"", ruleId: `honeycomb.hardware.${id}`, source: sourceProvenance(""norman-honeycomb-guide-2026-07"", {page}), selectedValues: {...c}, explanation});"
"src/lib/quote-v2/norman-honeycomb-motor-accessories.ts","0bf73d18bca2c7763adc436d1200100d0aaf00008731e4ebcf320ab316d2c5ca","honeycomb|vertical_honeycomb","4: import { sourceProvenance } from ""./source-manifest"";
23: const add=(id:string,page:number,explanation:string)=>issues.push({severity:""hard_block"",ruleId:`honeycomb.accessory.${id}`,source:sourceProvenance(""norman-motorization-guide-2026-09-16"",{page}),selectedValues:{...c},explanation});
57: return {selections,issues,record:{...(clearance?{chargingClearance:clearance.record}:{}),version:1,family,network,sourceId:""norman-motorization-guide-2026-09-16"",sourcePages:wand?[80,81,82]:automate?[66,67,68,69]:[10,11,12,13,14,15,16,17,18],quantityBasis:""per_line"",extraChargingKits:kits,extraHarnesses:harnesses,includedHarnesses:dc?s.quantity:0,repeaters,solarPanels:solar?s.quantity:0,"
"src/lib/quote-v2/norman-honeycomb-mounting.ts","4aab3d9397d90096648d9d6cdd9880530ad1b292b8fabb6f6dd3e6694b99e084","honeycomb|vertical_honeycomb","5: import { sourceProvenance } from ""./source-manifest"";
8: const manualSource = ""norman-honeycomb-guide-2026-07"" as const;
9: const motorSource = ""norman-motorization-guide-2026-09-16"" as const;
25: let sourceId: typeof manualSource | typeof motorSource = manualSource, page = 10, unresolved: string | null = null;
69: const add = (id: string, explanation: string) => issues.push({severity:""hard_block"",ruleId:`honeycomb.mounting.${id}`,source:sourceProvenance(sourceId,{page}),selectedValues:{...c},explanation});
76: return {issues, record:{version:1,sourceId,sourcePage:page,fit,measuredDepth:depth,requiredDepth:required,flushDepth:flush,semiInsideDepth:semi,lightGuard:guard,semiInsideCordTensionerHolder:holder,sourceException:unresolved,bracketRunningChange:sourceId === manualSource ? ""The guide notes that new bracket depths can vary slightly; one order uses one bracket style."" : null}};"
"src/lib/quote-v2/norman-honeycomb-vertical.ts","457270f1e4723edf65f980a9440c54c44840a20185a9e7abd7045f720ed5202a","honeycomb|vertical_honeycomb","5: import { sourceProvenance } from ""./source-manifest"";
22: version: 1, type: ""vertical_honeycomb"", sourceId: ""norman-honeycomb-guide-2026-07"", sourcePages: [7,36,37,38,47,49],
36: const add = (id: string, page: number, explanation: string) => issues.push({severity: ""hard_block"", ruleId: `honeycomb.vertical.${id}`, source: sourceProvenance(""norman-honeycomb-guide-2026-07"", {page}), selectedValues: {...s.configuration}, explanation});"
"src/lib/quote-v2/norman-perfectsheer-hardware.ts","d7de80f3e755f39a408c1f1c5fb61ee95cd706b3648a2e40151f46e5766e7dd4","perfectsheer","2: import { sourceProvenance } from ""./source-manifest"";
25: version:1,sourceId:""norman-perfectsheer-smartdrape-guide-2026-09"",sourcePages:[44,45],quantityBasis:""per_shade"",
36: const add=(id:string,page:number,explanation:string)=>issues.push({severity:""hard_block"",ruleId:`norman.perfectsheer.${id}`,source:sourceProvenance(""norman-perfectsheer-smartdrape-guide-2026-09"",{page}),selectedValues:{...c},explanation});"
"src/lib/quote-v2/norman-perfectsheer-matching.ts","8ff1be6518ebe59a39573bc92742ba99c609837877901a55b7611d87454cacbc","perfectsheer","2: import {sourceProvenance} from ""./source-manifest"";
20: const add=(rule:string,explanation:string)=>{for(const row of members)issues.push({severity:""hard_block"",ruleId:`norman.perfectsheer.side_by_side_${rule}`,source:sourceProvenance(""norman-perfectsheer-smartdrape-guide-2026-09"",{page:32}),selectedValues:{lineId:row.lineId,groupId:id},explanation});};
54: for(const m of members)m.selection.configuration={...m.selection.configuration,[PERFECTSHEER_MATCHING_KEY]:{version:1,connectedLineIds:[...ids].sort(),tubeDiameter,bracketClass,sideBySide:groupRecords.get(m.lineId)??null,sourceId:""norman-perfectsheer-smartdrape-guide-2026-09"",sourcePages:[32,37]}};"
"src/lib/quote-v2/norman-perfectsheer-motor-accessories.ts","76d8de5629b8cd9df1fd9211e33f15b20bb094c73d5579765193f00c51981912","perfectsheer","3: import { sourceProvenance } from ""./source-manifest"";
26: const add = (id: string, page: number, explanation: string) => issues.push({severity:""hard_block"", ruleId:`perfectsheer.accessory.${id}`, source:sourceProvenance(""norman-motorization-guide-2026-09-16"",{page}), selectedValues:{...c}, explanation});
67: version:1,sourceId:""norman-motorization-guide-2026-09-16"",sourcePages:wand?[90,91]:automate?[74,75,76]:[40,41,42,43],"
"src/lib/quote-v2/norman-perfectsheer-valance.ts","5001f751932eaed0688ca4e84f10863b809e375babbcf34e77efeecf5f4456c9","perfectsheer","3: import { sourceProvenance } from ""./source-manifest"";
31: record:{version:1,sourceId:""norman-perfectsheer-smartdrape-guide-2026-09"",sourcePages:[36,37,38,39],orderedSpan:orderSpan,finishedWidth,defaultWidth,returnSides:c.perfectsheer_valance_returns??""None"",returnCount:returns,
38: const add=(id:string,page:number,explanation:string)=>issues.push({severity:""hard_block"",ruleId:`norman.perfectsheer.valance_${id}`,source:sourceProvenance(""norman-perfectsheer-smartdrape-guide-2026-09"",{page}),selectedValues:{...c},explanation});
67: const add=(rule:string,page:number,explanation:string)=>{for(const row of members)issues.push({severity:""hard_block"",ruleId:`norman.perfectsheer.common_${rule}`,source:sourceProvenance(""norman-perfectsheer-smartdrape-guide-2026-09"",{page}),selectedValues:{lineId:row.lineId,assemblyId:id},explanation});};
84: for(const row of sorted)row.selection.configuration={...row.selection.configuration,[PERFECTSHEER_COMMON_KEY]:{version:1,assemblyId:id,tubeDiameter,valanceHeight,bracketClass,ownerLineId:lead.lineId,chargeSharedOptions:row.lineId===lead.lineId,orderedLineIds:sorted.map(r=>r.lineId),orderedWidths:sorted.map(r=>r.selection.widthInches),orderedHeights:sorted.map(r=>r.selection.heightInches),fabricCodes:sorted.map(r=>String(r.selection.configuration.fabric_color_code??"""")),gaps,orderSpan,assemblyQuantity:lead.selection.quantity,sourceId:""norman-perfectsheer-smartdrape-guide-2026-09"",sourcePages:[36,37,38]}};"
"src/lib/quote-v2/norman-perfectsheer.ts","eb4e2c7be8c19193be2c78d666a131f6f45afa3217a81c460af173d558dc13a9","perfectsheer","7: import { sourceProvenance } from ""./source-manifest"";
42: version: 1, type: ""perfectsheer_components"", sourceId: ""norman-perfectsheer-smartdrape-guide-2026-09"", sourcePages: [32,34,35,40,41,42],
43: motorMounting: autowand ? {tubeDiameter: Number.isFinite(tube) ? tube : null, bracketClass, sourceId:""norman-motorization-guide-2026-09-16"",sourcePage:90} : null,
51: sourceId: ""norman-ps-sd-coordination-2026-08-11"", sourceSheet: ""Fabric Color List-PerfectSheer"", sourceRange: fabric.factoryRange,
58: sourceId: ""norman-ps-sd-coordination-2026-08-11"", sourceSheet: ""PerfectSheer"", sourceRange: fabric.coordinationRange,
76: const add = (id: string, page: number, explanation: string) => issues.push({ severity: ""hard_block"", ruleId: `norman.perfectsheer.${id}`, source: sourceProvenance(""norman-perfectsheer-smartdrape-guide-2026-09"", { page }), selectedValues: { ...c }, explanation });
97: if (/autowand/.test(norm(c.motor_type) + norm(c.lift_system)) && !PERFECTSHEER_WAND_COLORS.some(color => norm(color) === norm(c.perfectsheer_wand_color))) issues.push({severity:""hard_block"",ruleId:""norman.perfectsheer.wand_color"",source:sourceProvenance(""norman-ps-sd-coordination-2026-08-11"",{sheet:""PerfectSheer"",range:""L7:L38""}),selectedValues:{...c},explanation:""Choose Black, White or Cottage White for AutoWand; Norman specifies no default wand color.""});"
"src/lib/quote-v2/norman-roller-common.ts","80f2d9d2b2fe34170de0db673d9ae16e62789f0ac633ae462a6330ff876f992f","roller","3: import {sourceProvenance} from ""./source-manifest"";
7: const issue=(s:SelectionContext,id:string,page:number,explanation:string):ValidationIssue=>({severity:""hard_block"",ruleId:`roller.common.${id}`,source:sourceProvenance(""norman-roller-guide-2026-09-16"",{page}),selectedValues:{...s.configuration},explanation});
14: issues.push({severity:""hard_block"",ruleId:""roller.common.price_basis"",source:sourceProvenance(""norman-retail-guide-2026-09"",{page:20}),selectedValues:{...s.configuration},explanation:""The common-valance assembly is saved. The retail guide does not establish the shared valance charge-width/allocation basis; dealer confirmation is required before automatic pricing.""});
51: const record:SelectionRecord={version:1,type:""roller_common_valance"",assemblyId:groupId,ownerLineId:lead.lineId,orderedLineIds:sorted.map(row=>row.lineId),orderedWidths:sorted.map(row=>row.selection.widthInches),orderedHeights:sorted.map(row=>row.selection.heightInches),fabricCodes:sorted.map(row=>String(row.selection.configuration.fabric_color_code??"""")),motorPowerConfigurations:sorted.map(row=>String(row.selection.configuration.roller_power_configuration??row.selection.configuration.motor_type??"""")),gaps:choices.map(v=>v.gapAfter),orderSpan,finishedWidth,widthBasis:r.customWidth===null?""default"":""custom_end_to_end"",returnSides:r.returns,returnQuantity:returns,returnThickness,assemblyQuantity:s.quantity,tubeSelections:tubes,sizeMatchingRequirement:""upgrade_all_to_largest_tube_clutch_fascia_bracket"",minimumJointsAt95Inches:Math.max(0,Math.ceil(finishedWidth/95)-1),materialWidthStatus:fabric||wrapped?""requires_exact_valance_fabric_width"":""95_inch_maximum_piece"",pricingStatus:""shared_valance_price_basis_unconfirmed"",sourceId:""norman-roller-guide-2026-09-16"",sourcePages:[37,38,39,40,41,58,74]};"
"src/lib/quote-v2/norman-roller-hardware.ts","afbf712392dbf51b89ca7127504f9794326d931735091fb6e9a2e53184c83170","roller","4: import { sourceProvenance } from ""./source-manifest"";
14: const add=(id:string,explanation:string,page=74)=>issues.push({severity:""hard_block"",ruleId:`roller.hardware.${id}`,source:sourceProvenance(""norman-roller-guide-2026-09-16"",{page}),selectedValues:{...c},explanation});
29: if(excluded){if(raw!=null||yes(c.shim)||Number(c.shim_quantity)>0)add(""excluded"",""This Roller hardware schedule does not apply to LightGuard360 or Cassette systems."");return {issues,selections:[],record:{version:1,type:""roller_hardware"",status:""not_applicable"",sourceId:""norman-roller-guide-2026-09-16"",sourcePages:[74]}};}
52: return {issues,selections,record:{version:1,type:""roller_hardware"",sourceId:""norman-roller-guide-2026-09-16"",sourcePages:[33,34,35,41,58,74],quantityBasis:""per_assembly"",application:app,orderedWidth:s.widthInches,finishedWidth:netWidth,componentOrderWidths:widths,installation:installation||null,raceway,shadeBrackets,mountingBrackets,linkBrackets,middleBrackets,shimLayers:r.shimLayers,shimQuantity,installationStatus:installation?""documented"":""installation_not_recorded"",customValanceBracketRounding:""requires_factory_confirmation""}};"
"src/lib/quote-v2/norman-roller-panel.ts","8a0a0b45bc656b4cb974756b47a1e5db2d0ed39a68441bb353d6ad6af0276c4d","roller","3: import {sourceProvenance} from ""./source-manifest"";
16: const issues:ValidationIssue[]=[...(base?.issues??[])];const add=(id:string,message:string)=>issues.push({severity:""hard_block"",ruleId:`roller.panel.${id}`,source:sourceProvenance(""norman-motorization-guide-2026-09-16"",{page:75}),selectedValues:{...c},explanation:message});"
"src/lib/quote-v2/norman-roman-ancillary.ts","3b6a11a2fa2caa35c9d8c75aafb40e0e8e84441cadf8223b09ab71b1c46580fa","roman|norman_roman_fabric_by_yard|norman_roman_pillow_covers","2: import { sourceProvenance } from './source-manifest';
12: const add=(rule:string,explanation:string)=>issues.push({severity:'hard_block',ruleId:`norman.roman.ancillary.${rule}`,source:sourceProvenance('norman-roman-guide-2026-09',{pages:[34,46,50]}),selectedValues:{productId:s.productId,programId:s.programId,record:c[ROMAN_ANCILLARY_RECORD]??null},explanation});"
"src/lib/quote-v2/norman-roman-fabric-limits.ts","f4adfd21abda69ea4326cd2b0f02a0aecb04870eec5fb469b8319b524a86d5c2","roman","3: import { sourceProvenance } from './source-manifest';
17: const add=(id:string,page:number,explanation:string)=>issues.push({severity:'hard_block',ruleId:`roman.fabric_limits.${id}`,source:sourceProvenance('norman-roman-guide-2026-09',{page}),selectedValues:{fabric_color_code:c.fabric_color_code??null,fold_style:c.fold_style??null,width:s.widthInches,height:s.heightInches},explanation});
34: return {issues,record:{sourceId:'norman-roman-guide-2026-09',sourcePage:fabric.sourcePage,fabricCode:fabric.clothCode,fabricWidth:fabric.fabricWidth,railroadAvailability:fabric.railroad,seamAvailability:fabric.seam,finishedWidths,maximumWidthWithoutVerticalSeams:maxWidth}};"
"src/lib/quote-v2/norman-roman-hardware.ts","6096dc2f51453978891fddcac92143370d110fe5a3ef38983f7decfff7489fc7","roman","3: import { sourceProvenance } from './source-manifest';
26: const add=(id:string,page:number,explanation:string)=>issues.push({severity:'hard_block',ruleId:`roman.hardware.${id}`,source:sourceProvenance('norman-roman-guide-2026-09',{page}),selectedValues:{...c},explanation});
92: version:1,sourceId:'norman-roman-guide-2026-09',sourcePages:[8,9,14,15,16,19,22,23,24,49],fabricPattern,"
"src/lib/quote-v2/norman-roman-matching.ts","87ca664d6317acfaf28bfc9c24178551dc7d0292a77d596b881518a92408969a","roman","4: import { sourceProvenance } from './source-manifest';
28: if((key==='room'&&!first.room)||members.some(m=>criteria(m)[key]!==first[key]))for(const member of members)issues.push({severity:'hard_block',ruleId:`roman.side_by_side.september.${key}`,source:sourceProvenance('norman-roman-guide-2026-09',{page:21}),selectedValues:{lineId:member.lineId,lineIds:ids,values:members.map(m=>criteria(m)[key])},explanation:`Side-by-side Roman shades require the same ${key} across all connected shades.`});
31: for(const m of members)m.selection.configuration={...m.selection.configuration,norman_assembly_v1:{...(m.selection.configuration.norman_assembly_v1 as SelectionRecord??{}),sideBySide:{version:1,lineIds:ids.slice().sort(),room:members[0].roomName??null,alignmentTolerance:.125,alignmentFrom:'top',alignmentThroughHeight:shortestHeight,sourceId:'norman-roman-guide-2026-09',sourcePage:21}}};"
"src/lib/quote-v2/norman-roman-motor-accessories.ts","e120807c9e4ecca7ecf9f2addaeaeebdeaaa9f0dc4482235a9e2b9e37d5987b4","roman","3: import { sourceProvenance } from ""./source-manifest"";
37: const add = (id: string, page: number, explanation: string) => issues.push({severity:""hard_block"", ruleId:`roman.accessory.${id}`, source:sourceProvenance(""norman-motorization-guide-2026-09-16"",{page}), selectedValues:{...c}, explanation});
78: version:1,sourceId:""norman-motorization-guide-2026-09-16"",sourcePages:wand?[84,85]:automate?[74,75,76]:[21,22,23,24],"
"src/lib/quote-v2/norman-san-clemente-rules.ts","aa73636c1abc44c01363e86e84c18bfd43bbe5f703b3d9b5315385571194e2a6","san_clemente_honeycomb|san_clemente_faux_wood","3: import { sourceProvenance } from ""./source-manifest"";
13: source: sourceProvenance(SAN_CLEMENTE_SOURCE_ID, { page }), selectedValues: { ...c, width: context.widthInches, height: context.heightInches }, explanation,"
"src/lib/quote-v2/norman-shade-motorization.ts","626401a179d4f87d1b31d9f993a9d69d8dffbbd4ee7d739c596031d9c874082f","","19: import { sourceProvenance } from ""./source-manifest"";
37: readonly sourcePage: number;
49: readonly sourcePages: readonly number[];
134: source: sourceProvenance(NORMAN_MOTORIZATION_SOURCE_ID, location),
158: const source = entry as Record<string, SelectionValue>;
631: let sourcePages: readonly number[];
726: sourcePage: 9,
736: sourcePage: 9,
746: sourcePage: 9,
770: sourcePage: 9,
796: sourcePage: 61,
813: sourcePage: 75,
937: let sourcePages: readonly number[];
1026: sourcePage: 19,
1095: sourcePage: 65,
1112: sourcePage: 79,
1189: const add = (id: string, page: number, explanation: string) => issues.push({ severity: ""hard_block"", ruleId: `smartfold.motorization.${id}`, source: sourceProvenance(""norman-motorization-guide-2026-09-16"", { page }), selectedValues: { ...context.configuration }, explanation });
1190: const autowand = config.powerSource === ""autowand"" || config.lift === ""autowand"";
1198: if (ac && adapter36) issues.push({ severity: ""auto_derive"", ruleId: ""smartfold.motorization.ac_adapter_wattage_derived"", source: sourceProvenance(""norman-smartfold-minmax-2026-09-10"", { sheet: ""Single&Common"", range: adapter36.range }), selectedValues: { width: context.widthInches, height: context.heightInches }, derivedValues: { ac_adapter_wattage: derivedAdapterWattage }, explanation: `The ${derivedAdapterWattage}W adapter follows the fabric-specific area limit.` });
1210: const limits: SourceBackedMotorLimits = { id: autowand ? ""autowand"" : rechargeable ? ""rechargeable"" : ""ac_dc"", minWidth: autowand ? 22 : rechargeable ? 24 : 16, maxWidth: 96, minHeight: Number(value(context, ""fold_size"")) === 8 ? 15.125 : Number(value(context, ""fold_size"")) === 7 ? 13.625 : 12, maxHeight: 96, sourcePage: autowand ? 93 : 56 };
1215: issues.push(...oldIssues.map(i => ({ ...i, source: sourceProvenance(""norman-motorization-guide-2026-09-16"", { page: limits.sourcePage }) })));
1216: if (context.catalogAsOf < ""2026-10-01"" && normalized(value(context, ""motor_revision"")).includes(""october"")) issues.push({ severity: ""hard_block"", ruleId: ""smartfold.motorization.revision_not_effective"", source: sourceProvenance(""norman-smartfold-guide-2026-09-10"", { page: 2 }), selectedValues: { motor_revision: value(context, ""motor_revision"") ?? null }, explanation: ""The October SmartFold motor upgrade is not effective before October 1, 2026."" });
1217: if (issues.some(i=>i.severity===""hard_block"")) return {ok:false,issues,limits:[limits],canonicalSelections:components,sourcePages:[limits.sourcePage]};
1218: return {ok:true,productId:""smartfold"",family:autowand?""autowand"":""norman_smart"",powerSource:config.powerSource,mode:""smartfold"",limits:[limits],canonicalSelections:components,sourcePages:[limits.sourcePage],includedAccessories:rechargeable||autowand?[""One charging kit per three motors, minimum one per order""]:[],issues,...(ac?{derivedAdapterWattage}:{})};
1224: const add = (id: string, page: number, explanation: string) => issues.push({severity:""hard_block"",ruleId:`perfectsheer.motorization.${id}`,source:sourceProvenance(sourceId,{page}),selectedValues:{...context.configuration},explanation});
1225: const family = config.powerSource === ""autowand"" || config.lift === ""autowand"" ? ""autowand"" : familyForPowerSource(config.powerSource);
1248: issues.push({severity:""auto_derive"",ruleId:""perfectsheer.motorization.ac_adapter_wattage_derived"",source:sourceProvenance(sourceId,{page:39}),selectedValues:{width,height:context.heightInches,tube},derivedValues:{ac_adapter_wattage:derivedAdapterWattage},explanation:`The fabric, tube and area require a ${derivedAdapterWattage}W adapter before order-wide matching.`});
1252: const limits: SourceBackedMotorLimits = {id:`${motorFamily}-${tube}-${dc?""dc"":ac?""ac"":""battery""}`,minWidth:motorFamily === ""autowand"" ? 22 : motorFamily === ""automate_home"" ? dc ? 17 : 26 : battery ? 24 : 16,maxWidth:motorFamily === ""norman_smart"" && tube === 1.75 ? 96 : 109,minHeight:12,maxHeight:120,sourcePage:page,...(maxAreaSqFt ? {maxAreaSqFt}:{})};
1274: issues.push(...shared.map(i=>({...i,source:sourceProvenance(sourceId,{page})})));
1275: const result = {issues,limits:[limits],canonicalSelections:components,sourcePages:[page]};
1295: const issues = [...accessories.issues,...validateControlAndPosition(context,config,""norman_smart"",[49]),...canonicalContractIssues(config,components,[46])].map(i=>({...i,source:sourceProvenance(sourceId,{page:i.source.page??49})}));
1296: if(![""norman smart rechargeable battery"",""norman smart ac adapter"",""norman smart ac adapter plug in""].includes(config.powerSource))issues.push({severity:""hard_block"",ruleId:""smartdrape.motorization.power"",source:sourceProvenance(sourceId,{page:46}),selectedValues:{...context.configuration},explanation:""SmartDrape supports Norman Smart rechargeable battery or AC adapter power only.""});
1297: if(config.motorPosition!==""left"")issues.push({severity:""hard_block"",ruleId:""smartdrape.motorization.position"",source:sourceProvenance(sourceId,{page:46}),selectedValues:{...context.configuration},explanation:""The SmartDrape motor must be on the left for every stack configuration.""});
1298: const result = {issues,limits:[],canonicalSelections:components,sourcePages:[45,46,47,48,49]};
1324: limits: resolution.limits?.map(limit => ({ ...limit, sourcePage: page(limit.sourcePage) })),
1325: sourcePages: resolution.sourcePages?.map(page),
1326: issues: resolution.issues.map(i => i.ruleId.startsWith(""honeycomb.accessory."") ? i : ({ ...i, source: sourceProvenance(""norman-motorization-guide-2026-09-16"", {"
"src/lib/quote-v2/norman-shutter-assortment.ts","62d3db20286b90c586b974d72bd049c099d766059cccb3c8963280706f28730f","norman_shutters","4: import { sourceProvenance } from ""./source-manifest"";
12: const add = (id: string, explanation: string, pages: readonly number[] = p.pages) => issues.push({ severity: ""hard_block"", ruleId: `norman.shutter.assortment.${id}`, source: sourceProvenance(p.sourceId, { pages }), selectedValues: { programId: s.programId, color: s.configuration.color ?? null, louver_size: s.configuration.louver_size ?? null }, explanation });
25: source: sourceProvenance(NORMAN_SHUTTER_FRAME_SOURCE),"
"src/lib/quote-v2/norman-shutter-bifold180.ts","5f8349a5f173205cf0a6380f653d1d69caa31ca7405f6d44878b2676fa68fb72","norman_shutters","5: import { sourceProvenance } from './source-manifest';
14: const add = (id: string, explanation: string) => issues.push({severity:'hard_block',ruleId:`norman.shutter.bifold180.${id}`,source:sourceProvenance(program.sourceId,{pages:normanBifold180Pages(p)}),selectedValues:{programId:p,record},explanation});"
"src/lib/quote-v2/norman-shutter-panels.ts","b240fee2eeafc9285c78b93196d86126e440937fe7973d171e2195b09599d6f1","norman_shutters","6: import { sourceProvenance } from './source-manifest';
15: const add=(id:string,explanation:string,pages:number[]=[specs])=>issues.push({severity:'hard_block',ruleId:`norman.shutter.panels.${id}`,source:sourceProvenance(program.sourceId,{pages}),selectedValues:{programId:p,record:c[NORMAN_SHUTTER_PANEL_RECORD]??null},explanation});"
"src/lib/quote-v2/norman-shutter-pricing-size.ts","f228793280f52a06ab5bfd20c7a6dd3f46c6591fe458fea6a04c55fbdb5be983","norman_shutters","4: import { sourceProvenance } from ""./source-manifest"";
5: const NORMAN_SHUTTER_FRAME_SOURCE = sourceProvenance(
74: const source = currentProgram ? sourceProvenance(currentProgram.sourceId, { pages: currentProgram.id === ""woodlore"" ? [106,107,108] : currentProgram.id.startsWith(""woodlore_"") ? [140,141,142,143] : currentProgram.id === ""brightwood"" ? [138,139,140] : [148,149,150,151,152] }) : NORMAN_SHUTTER_FRAME_SOURCE;"
"src/lib/quote-v2/norman-smartdrape-hardware.ts","ce4007038e6bfee615a2c2460ff85267de6c1d735fc736cd1d90d76c36101e32","smartdrape","2: import { sourceProvenance } from ""./source-manifest"";
35: record:{version:1,sourceId:motorized?""norman-motorization-guide-2026-09-16"":""norman-perfectsheer-smartdrape-guide-2026-09"",sourcePages:motorized?[50,51,52]:[6,17,18,19,20,21,22],quantityBasis:""per_shade"",mount:c.installation_method??c.smartdrape_mount_method??null,
50: const add=(id:string,page:number,message:string,motor=false)=>issues.push({severity:""hard_block"",ruleId:`norman.smartdrape.${id}`,source:sourceProvenance(motor?""norman-motorization-guide-2026-09-16"":""norman-perfectsheer-smartdrape-guide-2026-09"",{page}),selectedValues:{...c},explanation:message});"
"src/lib/quote-v2/norman-smartdrape-motor-accessories.ts","d96a3928d742914b827011206c7d2672e1bbe9d62681aecf234e4dc868ed74aa","smartdrape","3: import { sourceProvenance } from ""./source-manifest"";
16: const add = (id: string, page: number, explanation: string) => issues.push({severity:""hard_block"",ruleId:`smartdrape.accessory.${id}`,source:sourceProvenance(""norman-motorization-guide-2026-09-16"",{page}),selectedValues:{...c},explanation});
49: return {selections,issues,record:{version:1,family:""smart_motorization"",network,repeaters,extraChargingKits:kits,quantityBasis:""per_line"",sourceId:""norman-motorization-guide-2026-09-16"",sourcePages:[46,47,48,49],"
"src/lib/quote-v2/norman-smartdrape-replacement.ts","edad09e0d6b45b6233252ce73b93253c9a30d45ac5369ab701f03576c1932860","smartdrape|norman_smartdrape_replacement_vanes","3: import { sourceProvenance } from './source-manifest';
7: const add=(rule:string,explanation:string)=>issues.push({severity:'hard_block',ruleId:`norman.smartdrape.replacement.${rule}`,source:sourceProvenance('norman-perfectsheer-smartdrape-guide-2026-09',{page:24}),selectedValues:{productId:s.productId,request:c[KEY]??null},explanation});
25: c.smartdrape_replacement_source_v1={version:1,sourceId:'norman-perfectsheer-smartdrape-guide-2026-09',sourcePage:24,orderedWithShade:false,packs:s.quantity,requestedVaneLengthInches:r.vaneLengthInches,composition,availability:'requires_original_work_order_confirmation'};"
"src/lib/quote-v2/norman-smartdrape-tracks.ts","61542187c80fe8850d4a94a24ab3c5af688b65f4c4a82d063b4ce1bd749c4a46","smartdrape","4: import {sourceProvenance} from ""./source-manifest"";
17: return {version:1,sourceId:""norman-perfectsheer-smartdrape-guide-2026-09"",sourcePage:row?.page??null,sourceRow:row?.row??null,configuration:kind,trackWidth:w,shadeWidth:w-deduction,vaneCount:row?.vaneCount??null,stackingWidth:stackWidth,stackingWidthBasis:kind===""center_opening""?""per_side"":""per_shade"",stackingTolerance:.8125,fieldOfView:stackWidth===null?null:w-stackWidth*(kind===""center_opening""?2:1),openCenterGap:centerGap,closedCenterGap:kind===""center_opening""?0:null,centerGapTolerance:kind===""center_opening""?.125:null};
22: const add=(id:string,message:string)=>issues.push({severity:""hard_block"",ruleId:`norman.smartdrape.${id}`,source:sourceProvenance(""norman-perfectsheer-smartdrape-guide-2026-09"",{page:8}),selectedValues:{...c},explanation:message});
41: const add=(rule:string,message:string)=>issues.push({severity:""hard_block"",ruleId:`norman.smartdrape.pair_${rule}`,source:sourceProvenance(""norman-perfectsheer-smartdrape-guide-2026-09"",{page:8}),selectedValues:{group:id,lineIds:members.map(m=>m.lineId)},explanation:message});
56: m.selection.configuration={...c,[SMARTDRAPE_PAIR_KEY]:{version:1,sourceId:""norman-perfectsheer-smartdrape-guide-2026-09"",sourcePage:8,groupId:id,lineIds:ordered.map(x=>x.lineId),orderedWidths:widths,orderHeight:left.selection.heightInches,openCenterGap:gap,closedCenterGap:0,centerGapTolerance:.125,joinCClipCount:1,centerKeystoneQuantity:keystone?1:0,fulfillmentOwnerLineId:left.lineId,chargeCenterKeystone:m===left&&keystone} as SelectionRecord};"
"src/lib/quote-v2/norman-smartdrape-vane-packs.ts","b48f6d4c3f67a2e723ea188b1c34828404e0c064df0fa18cc3098ac40b0a850e","smartdrape","4: import {sourceProvenance} from ""./source-manifest"";
14: return {packs,wands,safePacks,safeWands,length,record:{version:1,sourceId:""norman-perfectsheer-smartdrape-guide-2026-09"",sourcePage:24,quantityBasis:""per_shade"",extraWands:safeWands,
21: const add=(id:string,message:string)=>issues.push({severity:""hard_block"",ruleId:`norman.smartdrape.${id}`,source:sourceProvenance(""norman-perfectsheer-smartdrape-guide-2026-09"",{page:24}),selectedValues:{...c},explanation:message});"
"src/lib/quote-v2/norman-smartdrape.ts","3d218ec04416ddebbcd3751d1b55933bc9c097dc79e793f80bba5ea813e0a258","smartdrape","6: import { sourceProvenance } from ""./source-manifest"";
30: return {version:1,type:""smartdrape_components"",sourceId:""norman-ps-sd-coordination-2026-08-11"",sourceSheet:""SmartDrape"",sourceRange:first?.coordinationRange??null,
34: wand:motorized?null:{color:explicit(c.smartdrape_wand_color)?c.smartdrape_wand_color:alternating?null:headrail,quantity:stack===""traveling center stack""?2:1,side:stack===""stack left""?""Right"":stack===""stack right""?""Left"":stack===""traveling center stack""?""Both"":c.control_side??null,drop:c.wand_drop_inches??defaultWandDrop,defaultDrop:defaultWandDrop,sourceId:""norman-perfectsheer-smartdrape-guide-2026-09"",sourcePage:23},
40: const add=(id:string,page:number,explanation:string)=>issues.push({severity:""hard_block"",ruleId:`norman.smartdrape.${id}`,source:sourceProvenance(""norman-perfectsheer-smartdrape-guide-2026-09"",{page}),selectedValues:{...c},explanation});"
"src/lib/quote-v2/norman-smartfold-charging.ts","1ea2f09f6f019c4661ac2d4c05b74576d5d1dc3061ae53f86efdccb2a6f0fe9a","smartfold","4: import { sourceProvenance } from ""./source-manifest"";
15: const add=(id:string,explanation:string)=>issues.push({severity:""hard_block"",ruleId:`smartfold.charging.${id}`,source:sourceProvenance(""norman-motorization-guide-2026-09-16"",{page}),selectedValues:{...c},explanation});
28: return {issues,selections,includedFamily:wand?""smartfold_autowand"":battery?""smartfold_smart_36w"":null,record:{version:1,sourceId:""norman-motorization-guide-2026-09-16"",sourcePage:page,quantityBasis:""per_line"",extraChargingKits:r.extraChargingKits,extension:r.extensionCables?{quantity:r.extensionCables,length:wand?118:78.74,color:wand?r.extensionColor:battery?""Black"":watts===36?""White"":watts===65?""Black"":null,adapterWatts:wand?null:watts,adapterCompatibility:wand?""AutoWand"":watts?`${watts}W`:null}:null}};"
"src/lib/quote-v2/norman-smartfold-eligibility.ts","2915654949645377c1583eab5f70f3dbb1c812d86a1fc6ae6d97ccf58ce1fc97","smartfold","5: import {sourceProvenance} from ""./source-manifest"";
29: return {version:1,sourceId:""norman-smartfold-guide-2026-09-10"",sourcePage:34,mountingBracketSize:bracket??null,minimumMountingAreaHeight:known?bracket===6?1.15:.75:null,minimumMountingSpaceHeight:known?bracket===6?2:1.5:null,mountingAreaHeight:r?.mountingAreaHeight??null,mountingSpaceHeight:r?.mountingSpaceHeight??null,measurementBasis:""separate_screw_mounting_area_and_shade_space""};
34: const add=(rule:string,page:number,message:string)=>issues.push({severity:""hard_block"",ruleId:`norman.smartfold.${rule}`,source:sourceProvenance(""norman-smartfold-guide-2026-09-10"",{page}),selectedValues:{...s.configuration},explanation:message});
35: if(exceptions.length){issues.push({severity:""warning"",ruleId:""norman.smartfold.branch_verification"",source:sourceProvenance(""norman-smartfold-guide-2026-09-10"",{pages:[2,14,16,29,30,31,32,33,34,38]}),selectedValues:{...s.configuration},explanation:`Automatic pricing remains held for this configuration: ${exceptions.join(""; "")}.`});return issues;}"
"src/lib/quote-v2/norman-smartfold-hardware.ts","d64ebbc0702d595e07a079450e8b44070a9846230fdc31f8d6a836cc94aa1b7c","smartfold","3: import { sourceProvenance } from ""./source-manifest"";
41: version: 1, type: ""smartfold_hardware"", sourceId: ""norman-smartfold-guide-2026-09-10"",
42: sourcePages: [24, 37, 38], installation: validMount ? top ? SMARTFOLD_INSTALLATIONS[0] : SMARTFOLD_INSTALLATIONS[1] : null,
52: sourceId: ""norman-smartfold-guide-2026-09-10"", sourcePage:21,
69: source: sourceProvenance(""norman-smartfold-guide-2026-09-10"", { page }),
102: const add=(rule:string,page:number,explanation:string)=>issues.push({severity:""hard_block"",ruleId:`norman.smartfold.${rule}`,source:sourceProvenance(""norman-smartfold-guide-2026-09-10"",{page}),selectedValues:{...c},explanation});"
"src/lib/quote-v2/norman-smartfold-inside-clearance.ts","f8e8711270f51e3cfc7cdf82a98c8469747e1420930c031ab6c0ca3a8d36454c","smartfold","3: import { sourceProvenance } from ""./source-manifest"";
5: /** Full assembly envelopes shown in the six drawings on September guide page33. */
18: return {version:1,sourceId:""norman-smartfold-guide-2026-09-10"",sourcePage:33,measurementBasis:""full_assembly_outer_envelope_with_basic_light_guard"",recessArrangement:c.smartfold_light_guard_recess??null,collection:collection??null,installation:top?""Top Mount"":back?""Back / Wall Mount"":null,requiredFullAssemblyDepth:required,availableFullAssemblyDepth:typeof depth===""number""&&Number.isFinite(depth)?depth:null};
22: const issue=(rule:string,explanation:string):ValidationIssue=>({severity:""hard_block"",ruleId:`norman.smartfold.${rule}`,source:sourceProvenance(""norman-smartfold-guide-2026-09-10"",{page:33}),selectedValues:{...s.configuration},explanation});"
"src/lib/quote-v2/norman-smartfold-side-by-side.ts","10b9522d43ed9ed189f0aa48b3798ebbc4fb9701d12aa062fe379429c24e1d48","smartfold","2: import { sourceProvenance } from ""./source-manifest"";
29: source: sourceProvenance(""norman-smartfold-guide-2026-09-10"", { page: 14 }),
62: matchBracketSize: sameBrackets, sourceId: ""norman-smartfold-guide-2026-09-10"", sourcePage: 14,"
"src/lib/quote-v2/norman-smartfold-style.ts","dde7533b7942541c123402864d54422e146c51a32afd869ca1083567865fc64b","smartfold","3: import { sourceProvenance } from ""./source-manifest"";
41: sourceId:""norman-smartfold-guide-2026-09-10"",sourcePages:[5,6,7,8,15,19,21],
58: const add=(rule:string,page:number,message:string)=>issues.push({severity:""hard_block"",ruleId:`norman.smartfold.${rule}`,source:sourceProvenance(""norman-smartfold-guide-2026-09-10"",{page}),selectedValues:{...c},explanation:message});"
"src/lib/quote-v2/norman-smartfold-valance.ts","42d125c6bb63b681a65921a40a72636a833b82776f27bd5239003b9ecc42a497","smartfold","5: import { sourceProvenance } from ""./source-manifest"";
50: record:{version:1,type:""smartfold_valance"",sourceId:""norman-smartfold-guide-2026-09-10"",sourcePages:[15,16,18,28],finishedWidth:active?finishedWidth:null,widthBasis:custom===null?""default"":""custom_end_to_end"",returnSides:returns?String(c.smartfold_valance_returns):""None"",returnQuantity:returns,returnSize:returns?finite(c.smartfold_valance_return_size)??(semi?1:null):null,returnSizeBasis:semi?""absolute"": ""extension_beyond_factory_standard"",joinery:active?joinery:null,jointCount:active?gapPlacement?.jointCount??(keystone?count:minimumJoints):0,...(gapPlacement?{gapPlacement:gapPlacement.record}:{}),keystonePositions:active&&keystone?positions.map(p=>Number.isFinite(p)?p:null):[],woodSupportConnectors:active&&wood&&keystone?count:0} as SelectionRecord};
55: const add=(rule:string,page:number,explanation:string)=>issues.push({severity:""hard_block"",ruleId:`norman.smartfold.${rule}`,source:sourceProvenance(""norman-smartfold-guide-2026-09-10"",{page}),selectedValues:{...c},explanation});
87: const add=(rule:string,page:number,explanation:string)=>{for(const row of members)issues.push({severity:""hard_block"",ruleId:`norman.smartfold.common_${rule}`,source:sourceProvenance(""norman-smartfold-guide-2026-09-10"",{page}),selectedValues:{lineId:row.lineId,assemblyId:id},explanation});};
114: for(const row of sorted){row.selection.configuration={...row.selection.configuration,[SMARTFOLD_SHARED_VALANCE_KEY]:{version:1,assemblyId:id,ownerLineId:lead.lineId,chargeSharedOptions:row.lineId===lead.lineId,orderedLineIds:sorted.map(r=>r.lineId),orderedWidths:sorted.map(r=>r.selection.widthInches),orderedHeights:sorted.map(r=>r.selection.heightInches),fabricCodes:sorted.map(r=>String(r.selection.configuration.fabric_color_code??"""")),gaps,orderSpan,assemblyQuantity:lead.selection.quantity,sourceId:""norman-smartfold-guide-2026-09-10"",sourcePages:[14,16,22,24,28]}};}"
"src/lib/quote-v2/norman-smartprivacy.ts","eb6bffce6625e2f805fd113b3d31a8c5e686f9b29cc620b85f60a978e1f980e7","smartprivacy_faux","4: import { sourceProvenance } from ""./source-manifest"";
11: const add=(id:string,page:number,explanation:string)=>issues.push({severity:""hard_block"",ruleId:`norman.smartprivacy.${id}`,source:sourceProvenance(SMARTPRIVACY_SOURCE,{page}),selectedValues:{...c,width:s.widthInches,height:s.heightInches},explanation});
49: return {issues,surchargeSelections,record:{version:1,type:""smartprivacy_independent_blinds"",sourceId:SMARTPRIVACY_SOURCE,sourcePages:[6,7,8,9,10,11],components,color:color??null,lift:""Cordless"",wandSide:""Left"",wandDrop:wand,mountFit:inside?fit:null,requiredMountDepth:inside?requiredDepth:null,shimExtension:layers===2?.6875:layers===1?.375:0}};"
"src/lib/quote-v2/norman-ultimate-assemblies.ts","d5e50c155901e1fc9d710d76108721b123003adbf9c039d74729b0d70cbd5bea","faux_wood","2: import { sourceProvenance } from ""./source-manifest"";
48: for (const row of members) issues.push({ severity: ""hard_block"", ruleId: `norman.ultimate_faux.${kind}_${rule}`, source: sourceProvenance(ULTIMATE_FAUX_SOURCE, { page }), selectedValues: { lineId: row.lineId, groupId: id }, explanation });
56: for (const row of members) row.selection.configuration = { ...row.selection.configuration, [ULTIMATE_MATCHING_KEY]: { version: 1, groupId: id, lineIds: members.map(r => r.lineId), height: first.heightInches, slatAlignmentTolerance: .25, sourceId: ULTIMATE_FAUX_SOURCE, sourcePage: 13 } };
83: row.selection.configuration = { ...rc, [ULTIMATE_COMMON_KEY]: { version: 1, assemblyId: id, ownerLineId: lead.lineId, chargeSharedOptions: row.lineId === lead.lineId, lineIds: sorted.map(r => r.lineId), orderedWidths: sorted.map(r => r.selection.widthInches), orderedHeights: sorted.map(r => r.selection.heightInches), netWidths:netWidths.map(finiteOrNull), gaps:gaps.map(finiteOrNull), combinedNetWidth:finiteOrNull(combinedNetWidth), finishedWidth:finiteOrNull(finishedWidth), pricingStatus: ""unresolved_common_valance_width_basis"", defaultWandDrop, quantity: lead.selection.quantity, sourceId: ULTIMATE_FAUX_SOURCE, sourcePages: [7, 11, 12, 14] } };"
"src/lib/quote-v2/norman-ultimate-faux.ts","6bf861bfaac0db0eb510fab47a5487e1a74bf5443bba3a6c98871cc6d2d01b68","faux_wood","6: import { sourceProvenance } from ""./source-manifest"";
14: const add=(id:string,page:number,explanation:string)=>issues.push({severity:""hard_block"",ruleId:`norman.ultimate_faux.${id}`,source:sourceProvenance(ULTIMATE_FAUX_SOURCE,{page}),selectedValues:{...c,width:s.widthInches,height:s.heightInches},explanation});
49: if(common)issues.push({severity:""hard_block"",ruleId:""norman.ultimate_faux.common_price_basis"",source:sourceProvenance(""norman-retail-guide-2026-09"",{page:30}),selectedValues:{...c},explanation:""The retail table does not explain the common/custom valance charge-width basis. The assembly is saved; dealer confirmation is required before pricing its shared valance.""});
80: return {issues,surchargeSelections,record:{version:1,type:""ultimate_faux_independent_blinds"",sourceId:ULTIMATE_FAUX_SOURCE,sourcePages:[6,7,8,9,10,11,14,15],components:components.map(component=>({...component,...(s.catalogAsOf>=""2026-09-20""?{...ultimateFauxLadders(component.netWidth),screws:normanBlindScrews(component.brackets,layers>0,component.holdDowns,sideMount)}:{}),orderedWidth:finiteOrNull(component.orderedWidth),netWidth:finiteOrNull(component.netWidth),height:finiteOrNull(component.height),valance:component.valance?{...component.valance,width:finiteOrNull(Number(component.valance.width)),returnSize:component.valance.returnSize===null?null:finiteOrNull(component.valance.returnSize)}:null})),commonValance:common,cutouts:cutouts.map(cut=>({...cut,width:finiteOrNull(cut.width),top:finiteOrNull(cut.top),...(cut.bottom!==undefined?{bottom:finiteOrNull(cut.bottom)}:{})})),keystones:{count:finiteOrNull(keystoneCount),layout,locations:locations.map(finiteOrNull)},color:color?{...color,factoryCode:ULTIMATE_FAUX_FACTORY_CODES[color.code]}:null,wandDrop:finiteOrNull(wand),mountFit:inside?fit:null,requiredMountDepth:inside?depth:null,shimExtension:layers===2?.6875:layers===1?.375:0}};"
"src/lib/quote-v2/norman-valance-gaps.ts","c65f2c7fec7c21119c418de9a93d46ff4c8848a2fe3faef8d7661edea1e5dd70","perfectsheer|smartfold",""
"src/lib/quote-v2/norman-vertical-pair.ts","0bf49b93d3ba205bc8c004588c67497e16522c80a75661fd500940efffe03d27","vertical_honeycomb","4: import { sourceProvenance } from ""./source-manifest"";
13: source: sourceProvenance(""norman-honeycomb-guide-2026-07"", { page: 38 }), selectedValues: values, explanation,
61: version: 1, type: ""vertical_honeycomb_butt_together"", sourceId: ""norman-honeycomb-guide-2026-07"", sourcePage: 38,"
"src/lib/quote-v2/norman-wood-assemblies.ts","b759adbf261cd2123be4661d1a0ce207f3d96cc1f5cb583deccf34af9c283973","wood_blinds","2: import { sourceProvenance } from ""./source-manifest"";
48: for (const row of members) issues.push({ severity: ""hard_block"", ruleId: `norman.wood_blinds.${kind}_${rule}`, source: sourceProvenance(WOOD_SOURCE, { page }), selectedValues: { lineId: row.lineId, groupId: id }, explanation });
56: for (const row of members) row.selection.configuration = { ...row.selection.configuration, [WOOD_MATCHING_KEY]: { version: 1, groupId: id, lineIds: members.map(r => r.lineId), height: first.heightInches, slatAlignmentTolerance: .25, sourceId: WOOD_SOURCE, sourcePage: 18 } };
83: row.selection.configuration = { ...rc, [WOOD_COMMON_KEY]: { version: 1, assemblyId: id, ownerLineId: lead.lineId, chargeSharedOptions: row.lineId === lead.lineId, lineIds: sorted.map(r => r.lineId), orderedWidths: sorted.map(r => r.selection.widthInches), orderedHeights: sorted.map(r => r.selection.heightInches), netWidths:netWidths.map(finiteOrNull), gaps:gaps.map(finiteOrNull), combinedNetWidth:finiteOrNull(combinedNetWidth), finishedWidth:finiteOrNull(finishedWidth), pricingStatus: ""dealer_reconciled"", pricingSourceId: ""norman-wood-valance-portal-2026-09-19"", defaultWandDrop, quantity: lead.selection.quantity, sourceId: WOOD_SOURCE, sourcePages: [7, 11, 17, 14] } };"
"src/lib/quote-v2/norman-wood.ts","959dcc917d332d1c8e06e862d2f640b1a58364a00a734258b3f848336366bf7f","wood_blinds","7: import { sourceProvenance } from ""./source-manifest"";
15: const add=(id:string,page:number,explanation:string)=>issues.push({severity:""hard_block"",ruleId:`norman.wood_blinds.${id}`,source:sourceProvenance(WOOD_SOURCE,{page}),selectedValues:{...c,width:s.widthInches,height:s.heightInches},explanation});
84: return {issues,surchargeSelections,record:{version:1,type:""wood_blinds_independent_blinds"",sourceId:WOOD_SOURCE,sourcePages:[7,8,9,11,12,13,14,15,16,17,19,20,23,24],components:components.map(component=>({...component,...woodLadders(component.netWidth,c.slat_size!=='2""'),screws:s.catalogAsOf>=""2026-09-20""?normanBlindScrews(component.brackets,layers>0,component.holdDowns,sideMount):{mounting:component.brackets*2,mountingLength:layers?2:1.25,holdDown:component.holdDowns,holdDownLength:.75,sideNutBolt:sideOnly?4:0},orderedWidth:finiteOrNull(component.orderedWidth),netWidth:finiteOrNull(component.netWidth),height:finiteOrNull(component.height),valance:component.valance?{...component.valance,width:finiteOrNull(Number(component.valance.width)),returnSize:component.valance.returnSize===null?null:finiteOrNull(component.valance.returnSize)}:null})),commonValance:common,cutouts:cutouts.map(cut=>({...cut,width:finiteOrNull(cut.width),top:finiteOrNull(cut.top),...(cut.bottom!==undefined?{bottom:finiteOrNull(cut.bottom)}:{})})),keystones:{count:finiteOrNull(keystoneCount),layout,locations:locations.map(finiteOrNull)},color,wandDrop:finiteOrNull(wand),wandMaterial:""Metal"",splitWand:false,mountFit:inside?fit:null,requiredMountDepth:inside?depth:null,shimExtension:layers===2?.6875:layers===1?.375:0}};"
"src/lib/quote-v2/roller-matrix.ts","d9d8136878341a6b8da93011a0f631d1bfb45f7d136628d3d3cd39838a2a18a4","roller","4: import { sourceProvenance } from ""./source-manifest"";
474: source: sourceProvenance(rollerSourceId(context), {
485: const source = sourceProvenance(rollerSourceId(context), {
536: const componentSource = sourceProvenance(""norman-roller-guide-2026-07"", {
625: source: sourceProvenance(""norman-roller-guide-2026-07"", {"
"src/lib/quote-v2/roller-motor-contract.ts","87f7f13470a30c802ab9dca3abe739b5e2152cee2dd59a9351a816485d8a2dbb","roller","8: import { sourceProvenance } from ""./source-manifest"";
80: source: sourceProvenance(""norman-retail-guide-2026-07"", {
96: source: sourceProvenance(""norman-roller-guide-2026-07"", {
256: const source = entry as Record<string, unknown>;"
"src/lib/quote-v2/roller-motor.ts","3929e2699a051062c75541444b74a1033d5812c2e3a9ab2f95c365e10a94ff23","roller",""
"src/lib/quote-v2/roller-ui-facets.ts","0ab6bf960b516c0d49be55f4fb40c47f564e7509f73252873dc9ac350e22e65b","roller",""
"src/lib/quote-v2/rules.ts","732148163da13046a8ddf2fd181dfbeed3ea9d826d1ae7e7b7261f3f69b0106b","citylights_aluminum|faux_wood|honeycomb|vertical_honeycomb|roller|roman|perfectsheer|smartfold|smartdrape|smartprivacy_faux|synchrony_vertical|palladian_shelf|wood_blinds|norman_shutters","63: import { sourceProvenance, type SourceManifestId } from ""./source-manifest"";
74: type RuleSource = {
75: sourceId: SourceManifestId;
82: const HONEYCOMB_GUIDE: RuleSource = {
83: sourceId: ""norman-honeycomb-guide-2026-07"",
85: const HONEYCOMB_COLORS: RuleSource = {
86: sourceId: ""norman-honeycomb-color-coordination-2026-07"",
89: const ROLLER_GUIDE: RuleSource = {
90: sourceId: ""norman-roller-guide-2026-07"",
92: const ROLLER_LIMITS: RuleSource = {
93: sourceId: ""norman-roller-minmax-appendix-2026-08"",
95: const ROMAN_GUIDE: RuleSource = {
96: sourceId: ""norman-roman-guide-2026-05"",
98: const VERTICAL_GUIDE: RuleSource = {
99: sourceId: ""norman-vertical-blinds-guide-2026-06"",
101: const POLAR_DEALER_BOOK: RuleSource = {
102: sourceId: ""polar-shades-dealer-book-current-2026-07-18"",
104: const LOTUS_WEST_A26: RuleSource = {
105: sourceId: ""lotus-west-a26-v1"",
125: source: sourceProvenance(sourceId, location),
217: { sourceId: ""norman-retail-guide-2026-07"" },
233: { sourceId: ""norman-retail-guide-2026-07"" },
244: { sourceId: ""norman-retail-guide-2026-07"" },
255: { sourceId: ""norman-retail-guide-2026-07"" },
266: { sourceId: ""norman-retail-guide-2026-07"" },
286: { sourceId: ""norman-retail-guide-2026-07"", page: 4 },
424: const source = { ...POLAR_DEALER_BOOK, pages: [74, 75, 76, 77] };
518: const source = { ...POLAR_DEALER_BOOK, pages: [page, 173, 176, 177] };
617: const guideSource =
834: const source = { ...POLAR_DEALER_BOOK, pages: [20, 22, 23, 24, 25, 26, 40, 41, 42, 43, 47, 48, 50, 51] };
1181: { ...ROLLER_GUIDE, pages: [7, 8, 9] },
1216: { sourceId: fallFabric || fabric.programId === ""roller_cordless_fabric_price_group_4_pg4""
1255: { ...ROLLER_GUIDE, pages: [40, 41] },
1266: { sourceId: ""norman-retail-guide-2026-07"", pages: [7, 8, 28] },
1279: { ...ROLLER_GUIDE, pages: [40, 41] },
1296: { ...ROLLER_GUIDE, pages: [40, 41] },
1310: { sourceId: ""norman-retail-guide-2026-07"", page: 28 },
1346: { ...ROMAN_GUIDE, pages: [9, 10, 11] },
1357: { ...ROMAN_GUIDE, pages: [24, 25, 26, 27, 28, 29, 30, 31, 32, 33] },
1368: context.catalogAsOf >= ""2026-09-19"" && [""F1085"",""F0255""].includes(colorCode) ? {sourceId:""norman-roman-portal-2026-09-19""} : {sourceId:""norman-retail-guide-2026-07"",page:24},
1380: issues.push(issue(""auto_derive"", ""roman.fabric.f1090.current_styles"", sourceProvenance(""norman-roman-caroline-portal-2026-09-20""),
1389: { ...ROMAN_GUIDE, page: 26 },
1403: const sizeSource = finishedSizeRules ? sourceProvenance(""norman-roman-guide-2026-09"", { page: 13 }) : { ...ROMAN_GUIDE, pages: [11, 12] };
1481: context.catalogAsOf >= ""2026-09-01"" ? sourceProvenance(""norman-roman-guide-2026-09"", {pages:[35,36,37,38,39,40,41,42,43,44,45]}) : { ...ROMAN_GUIDE, pages: [34,35,36,37,38,39,40,41] },
1491: context.catalogAsOf >= ""2026-09-01"" ? sourceProvenance(""norman-roman-guide-2026-09"", {pages:[35,36,37,38,39,40,41,42,43,44,45]}) : { ...ROMAN_GUIDE, pages: [34,35,36,37,38,39,40,41] },
1503: context.catalogAsOf >= ""2026-09-01"" ? sourceProvenance(""norman-roman-guide-2026-09"", {pages:[35,36,37,38,39,40,41,42,43,44,45]}) : { ...ROMAN_GUIDE, pages: [34,35,36,37,38,39,40,41] },
1538: { ...ROMAN_GUIDE, page: 12 },
1549: { ...ROMAN_GUIDE, page: 12 },
1566: { ...ROMAN_GUIDE, page: 12 },
1581: { ...ROMAN_GUIDE, pages: [7, 24, 25, 26, 27, 28, 29, 30, 31, 32, 33] },
1592: { ...ROMAN_GUIDE, page: 10 },
1603: { ...ROMAN_GUIDE, page: 10 },
1618: { ...ROMAN_GUIDE, page: 9 },
1628: { ...ROMAN_GUIDE, page: 9 },
1644: { ...ROMAN_GUIDE, page: 8 },
1672: { ...ROMAN_GUIDE, pages: [12, 13] },
1682: { ...ROMAN_GUIDE, pages: [12, 13] },
1699: { ...ROMAN_GUIDE, page: 13 },
1717: { ...ROMAN_GUIDE, page: 13 },
1728: { ...ROMAN_GUIDE, page: 13 },
1743: { ...ROMAN_GUIDE, page: 13 },
1759: { ...ROMAN_GUIDE, page: 13 },
1775: { ...ROMAN_GUIDE, page: 14 },
1785: { ...ROMAN_GUIDE, page: 14 },
1815: { ...HONEYCOMB_GUIDE, pages: [15, 16, 17] },
1833: { sourceId: ""norman-retail-guide-2026-07"", page: 8 },
1974: { ...VERTICAL_GUIDE, pages: [6, 7, 9] },
1981: { ...VERTICAL_GUIDE, page: 6 },
1992: { ...VERTICAL_GUIDE, page: 6 },
2006: { ...VERTICAL_GUIDE, page: 9 },
2017: { sourceId: ""norman-retail-guide-2026-07"", page: 33 },
2037: { ...VERTICAL_GUIDE, page: 11 },
2047: { ...VERTICAL_GUIDE, page: 11 },
2060: { ...VERTICAL_GUIDE, page: 6 },
2074: { ...VERTICAL_GUIDE, page: 6 },
2083: const block = (rule: string, page: number, explanation: string) => issues.push(issue(""hard_block"", `vertical.${rule}`, { ...VERTICAL_GUIDE, page }, { ...c }, explanation));
2091: if (verticalColor) issues.push(issue(""auto_derive"", ""vertical.hardware_color"", { ...VERTICAL_GUIDE, pages: [9, 10] }, { color: colorName, requested: hardware ?? ""Default"" }, ""Resolve the coordinated headrail, wand and component color, including an explicit override."", { hardwareColor: hardware && hardware !== ""Default"" ? hardware : synchronyDefaultHardware(colorName) }));
2106: { ...VERTICAL_GUIDE, page: 6 },
2117: { ...VERTICAL_GUIDE, page: 12 },
2134: { ...VERTICAL_GUIDE, page: 7 },
2145: { ...VERTICAL_GUIDE, page: 7 },
2157: { ...VERTICAL_GUIDE, page: 12 },
2171: const source = {
2330: const source: RuleSource = {
2331: sourceId: ""norman-retail-guide-2026-07"",
2474: { sourceId: ""norman-citylights-guide-2026-08-01"", page: 2 },"
"src/lib/quote/norman-assortment-2026-09.ts","16ecb2136a92cf8058407041ae995598dd9d80672cf0b9134fb7944f0648d165","","9: sourceId: ""norman-roman-guide-2026-09"",
11: explanation: ""Norman discontinued Libeco Belgian Linen Silver 8045 (AA0901) / F1052 effective 2026-01-01 (Roman Guide revision table, page 2). Select a current fabric."",
17: sourceId: ""norman-roman-guide-2026-09"",
19: explanation: ""Norman discontinued Libeco Belgian Linen Oyster 0021 (AA0902) / F1054 effective 2026-02-01 (Roman Guide revision table, page 2). Select a current fabric."",
25: sourceId: ""norman-roman-guide-2026-09"",
27: explanation: ""Norman discontinued Seabreeze Silver Sage (AA0307) / F0237 effective 2026-02-01 (Roman Guide revision table, page 2). Select a current fabric."",
33: sourceId: ""norman-roman-guide-2026-09"",
35: explanation: ""Norman discontinued Libeco Belgian Linen Pewter 8027 (AA0901) / F1050 effective 2026-04-10 (Roman Guide revision table, page 2). Select a current fabric."",
41: sourceId: ""norman-roman-guide-2026-09"",
43: explanation: ""Norman discontinued Libeco Belgian Linen Flax 0024 (AA0902) / F1055 effective 2026-04-10 (Roman Guide revision table, page 2). Select a current fabric."",
49: sourceId: ""norman-roman-guide-2026-09"",
51: explanation: ""Norman discontinued Solids Graphite Gray (AA0320) / F1068 effective 2026-05-11 (Roman Guide revision table, page 2). Select a current fabric."",
57: sourceId: ""norman-roller-guide-2026-09-16"",
59: explanation: ""Norman discontinued Emery Maize F1561 effective September 1, 2026 (September 16 guide revision, pages 2 and 77). Select a current fabric."",
65: sourceId: ""norman-roman-guide-2026-09"",
73: sourceId: ""norman-perfectsheer-smartdrape-guide-2026-09"","
"src/lib/quote/norman-blind-hardware.ts","a044ca6c5b9e271de012b952daefa01e324cfbc31ec84ea981343e7735c3324a","",""
"src/lib/quote/norman-citylights.ts","8672dcf69058d2fe8b76308cf835d2b9fa93ffe6c2a7c027b1d6f99b6d5e211a","citylights_aluminum","1: /** August 1, 2026 dealer guide, pages 7–9 and 15–19. */
2: export const CITYLIGHTS_SOURCE = ""norman-citylights-guide-2026-08-01"" as const;"
"src/lib/quote/norman-contract.ts","14130de03b4fbc625d54c8868fadf4220ed554007a6d0c1880bcf47497d5c19b","norman_contract_faux_wood|norman_contract_vertical","6: export const CONTRACT_FAUX_SOURCE = ""norman-contract-faux-2024-05-29"";
7: export const CONTRACT_VERTICAL_SOURCE = ""norman-contract-vertical-2024-11-01"";
8: export const CONTRACT_REQUEST_SOURCE = ""norman-contract-request-2021-12-01"";
16: return { id, name, priceGroup: null, priceAxis: ""wh"", priceBasis: ""manual_required"", sourceId: vertical ? CONTRACT_VERTICAL_SOURCE : CONTRACT_FAUX_SOURCE,
18: fabricCollections: [], sourcePages: [vertical ? 6 : 7], notes: [""Contract Sales specification only; current project pricing must be obtained from Norman. No retail grid or dealer factor is established by this document.""] };
36: frStatus: ""Not specified"", imageUrl: """", sourcePage: `${row.productId === CONTRACT_FAUX ? CONTRACT_FAUX_URL : CONTRACT_VERTICAL_URL}#page=${row.page}`, sourcePageModified: null,"
"src/lib/quote/norman-current-assortment.ts","cb7c0c3b60953b52a6c5fcae2923e8f704efd424a4fa34282aea97181a13c143","","22: // Dealer-guide page 10 and September retail page 34 (PDF page 35)."
"src/lib/quote/norman-roller-common.ts","99af44b21e407cda524a7044a9cbbf06f1003a9237df2529b55d984ba9327717","roller",""
"src/lib/quote/norman-roller-fabrics.ts","79c5d6ec30511c0764d2ad6f080c0bbf30111d211780537d03779ce8792157c4","roller",""
"src/lib/quote/norman-roller-fall-2026.ts","511a386f8b8ae4d8ab624cb650820f5cffd10997e65827b4cba26b5d3a1aa57e","roller","22: sourceNote: `Norman Roller Shade Guide p${row.sourcePage}; September 2026 retail guide; Fall 2026 additive release`,
35: sourceId: ""norman-retail-guide-2026-09"",
36: sourcePages: [grid.sourcePage],"
"src/lib/quote/norman-roller-hardware.ts","987f74f17da5dc8f3db7f9396e08db951b84af2bb68ec10259670d87e89ad722","roller",""
"src/lib/quote/norman-roman-ancillary-draft.ts","62817e3439f40c337bd787343b5184c413767a67b8e950750d12ed8ce4a204a3","roman|norman_roman_fabric_by_yard|norman_roman_pillow_covers",""
"src/lib/quote/norman-roman-ancillary.ts","a71294fd2a9ac1af3d06d9f4dcf837f045c2be6a542a104ae6af6eb7ebb245a5","roman|norman_roman_fabric_by_yard|norman_roman_pillow_covers","69: source:'Roman Shade Guide pp34,46,50; 2026Sep Retail Price Guide printed pp25–26',pages:[26,27],fabricRouting:null,
70: programs:[{id:`${id}_source`,name:id===ROMAN_YARDAGE?'Fabric cut · yards':'Pillow cover · each',priceGroup:null,priceAxis:'wh',priceBasis:'manual_required',sourceId:'norman-roman-guide-2026-09',grid:{widths:[],heights:[],prices:[]},minWidth:null,maxWidth:null,minHeight:null,maxHeight:null,maxAreaSqft:null,fabricCollections:[],sourcePages:[26,27],notes:[ROMAN_ANCILLARY_HOLD]}],"
"src/lib/quote/norman-roman-current-price-groups.ts","b42af102284df7ae833d51983a7371e8bce8cf35efd0d09ebaf301d6273536a1","roman",""
"src/lib/quote/norman-san-clemente.ts","1d2b96aa48c9d2af46fef93af4f87e6df1091b351a2819a8d562b0e7ab2e3f7c","san_clemente_honeycomb|san_clemente_faux_wood","13: sourceId: SAN_CLEMENTE_SOURCE_ID, grid: { widths: [], heights: [], prices: [] },
15: fabricCollections: [], sourcePages: [page],
22: source: ""San Clemente Program Reference Guide, November 2025"", pages: [4,5,6,7,8],
31: source: ""San Clemente Program Reference Guide, November 2025"", pages: [9,10,11,12,13], fabricRouting: null,
49: frStatus: ""Not specified"", imageUrl: """", sourcePage: `${SAN_CLEMENTE_SOURCE_URL}#page=${faux ? 12 : 7}`,"
"src/lib/quote/norman-shutter-assortment.ts","1e19d0bff7c59f5f39e6cab5009f8e8ba7b94a28ff61cbdad131bd2d342c2385","norman_shutters","5: { id: ""woodlore"", name: ""Woodlore"", material: ""Composite"", sourceId: ""norman-woodlore-binder-2026-09"", pages: [7] },
6: { id: ""woodlore_plus"", name: ""Woodlore Plus"", material: ""Composite"", sourceId: ""norman-woodlore-plus-binder-2026-09"", pages: [9] },
7: { id: ""woodlore_aquashield"", name: ""Woodlore Aquashield"", material: ""Composite"", sourceId: ""norman-woodlore-plus-binder-2026-09"", pages: [9] },
8: { id: ""brightwood"", name: ""Brightwood"", material: ""Wood"", sourceId: ""norman-brightwood-binder-2026-09"", pages: [7] },
9: { id: ""normandy_painted"", name: ""Normandy Painted"", material: ""Wood"", sourceId: ""norman-normandy-binder-2026-09"", pages: [7] },
10: { id: ""normandy_stained"", name: ""Normandy Stained"", material: ""Wood"", sourceId: ""norman-normandy-binder-2026-09"", pages: [7, 8] },
39: return rows.map(([code, name]) => ({ code, name, label: `${code} - ${name}`, premium: premium.some(([p]) => p === code), programId: program.id, sourceId: program.sourceId, pages: program.pages }));
62: export const NORMAN_SHUTTER_FRAME_SOURCE = ""norman-shutter-frame-menus-2026-09-19"";"
"src/lib/quote/norman-shutter-bifold180-construction.ts","863fbd721fe85ce049a08f3f267261ecbf2949198df09d63edeeb9c111e490c2","norman_shutters",""
"src/lib/quote/norman-shutter-bifold180.ts","2a3562f69bef4b29bbe30dc2af51cd5535fdfcf69d73f1c010e5ffcb28039b6e","norman_shutters",""
"src/lib/quote/norman-shutter-construction.ts","323e50251b3323628bfaf0ff28edd436a12cbc92fd8c3b4b619120b1fcc02a75","norman_shutters",""
"src/lib/quote/norman-shutter-panel-draft.ts","30c10680f0ca8ae65075ed5e3c42f4fec6682c99060cf1e9fab4ebb29a2bdef1","norman_shutters",""
"src/lib/quote/norman-shutter-panels.ts","05b63465244f275a176af1e78d9323c8876aa145e724d724589b526ed65e1418","norman_shutters",""
"src/lib/quote/norman-smartdrape-pricing.ts","3895dbb06bf3ba91cfbde2063c05b308eb41b2ad4ea91b642187265ea1a5bfc3","smartdrape","3: /** September retail guide PDF page 24: dollars for each additional foot past 184 inches. */"
"src/lib/quote/norman-smartdrape-replacement.ts","3e7a277135cdb5b8dff42a8b9eca25f519bb82d33bbd73cccf0d12b81c6561c6","smartdrape|norman_smartdrape_replacement_vanes","27: export const smartdrapeReplacementProduct:CatalogProduct={id:SMARTDRAPE_REPLACEMENT,name:'SmartDrape Extra / Replacement Vane Packs',productType:'Vane Packs',manufacturer:'Norman',priceBasis:'manual_required',customerRetailStatus:'unverified',provisional:true,source:'PS-SD Guide p24; standalone price unresolved',pages:[24],fabricRouting:null,programs:[{id:`${SMARTDRAPE_REPLACEMENT}_source`,name:'Standalone pack of six vanes',priceGroup:null,priceAxis:'wh',priceBasis:'manual_required',sourceId:'norman-perfectsheer-smartdrape-guide-2026-09',grid:{widths:[],heights:[],prices:[]},minWidth:null,maxWidth:null,minHeight:null,maxHeight:null,maxAreaSqft:null,fabricCollections:[],sourcePages:[24],notes:[SMARTDRAPE_REPLACEMENT_HOLD]}],surcharges:[],fabricByYard:[],freightStatus:'unresolved',notes:[SMARTDRAPE_REPLACEMENT_HOLD]};"
"src/lib/quote/norman-smartfold-charging.ts","16c5e97f1030af74907605bc0b88b41b8eb8c4d1058cc9060e2694c332e4777c","smartfold",""
"src/lib/quote/norman-smartfold-clearance.ts","891134a07291c17730e37857b953354ad7ab035d54eefc70c04b89c54ed44d7e","smartfold",""
"src/lib/quote/norman-smartprivacy.ts","c01bcc679f3b9d5e99daab490e482f4401d49715aa54d8b31b03a40020d62a2c","smartprivacy_faux","2: export const SMARTPRIVACY_SOURCE = ""norman-smartprivacy-guide-2024-10"";"
"src/lib/quote/norman-synchrony.ts","e3f6d31d753331e5d389f847ce54542a87c24567d77e649fc25bca458b1edc0b","synchrony_vertical","70: /** June guide page 9: all 46 collection/color rows use these color-name matches. */"
"src/lib/quote/norman-ultimate-faux.ts","d54d41b53fa31ceeddf755097f77912a2b1eee3ead7a407c4513458ee9c81ad7","faux_wood","1: /** Ultimate Faux Wood September 2026 dealer guide, pages 6–15. */
2: export const ULTIMATE_FAUX_SOURCE = ""norman-ultimate-faux-guide-2026-09-01"";"
"src/lib/quote/norman-wood.ts","7bae90f2c65bbb7962ca605429c9f974fcc6c07818794bf39678c9cfd06316d2","wood_blinds","2: export const WOOD_SOURCE = ""norman-wood-blinds-guide-2026-09-01"";"
"src/mts-quote/components/crm/quote-builder/DesignCard.tsx","2a780956984fb96412d93b7aacc6c0ef18579d199ed5aa0c607b635dfb6ad9e7","","7576: const source = entry as Record<string, unknown>;
7616: const source = product?.fabrics?.find(
8006: const source = entry as Record<string, unknown>;
8475: const source = entry as Record<string, unknown>;
9439: const nextSource = typeof value === ""string"" ? value : null;
9450: options_json: { ...(authoritativeV2 ? {...clearNormanMotorPowerConnection(currentJson), ...Object.fromEntries(ROMAN_MOTOR_ACCESSORY_KEYS.map(key=>[key,null]))} : currentJson), ...(nextSource === ""AutoWand"" ? { hub_required: null } : {}) },
9935: const nextSource = typeof value === ""string"" ? value : null;
9946: if (nextSource === ""AutoWand"") nextJson.hub_required = null;
10834: const powerSource = getFieldValue(design, ""motor_type"");
10969: const wand=powerSource === ""AutoWand"", automate=ROMAN_AUTOMATE_POWER_SOURCES.has(powerSource);
11195: const powerSource = getFieldValue(design, ""motor_type"");
11297: options: withStoredValue(getHoneycombMotorsFor(operatingSystem).filter(source => !(authoritativeV2 && /breeze/i.test(String(honeycombOptions.fabric_color_collection ?? design?.fabric ?? """")) && source === ""AutoWand"")), powerSource),
11319: const wand = powerSource === ""AutoWand"", automate = HONEYCOMB_AUTOMATE_POWER_SOURCES.has(powerSource);"
