"products","file","line","record_type","property","value_type","optional"
"norman_shutters","src/components/crm/NormanBifold180ConstructionOptions.tsx","3","","value","NormanBifold180Construction|undefined","false"
"norman_shutters","src/components/crm/NormanBifold180ConstructionOptions.tsx","3","","aqua","boolean","false"
"norman_shutters","src/components/crm/NormanBifold180ConstructionOptions.tsx","3","","onChange","(value:NormanBifold180Construction)=>void","false"
"norman_contract_faux_wood|norman_contract_vertical","src/components/crm/NormanContractDesignOptions.tsx","8","","design","SalesQuoteDesign|undefined","false"
"norman_contract_faux_wood|norman_contract_vertical","src/components/crm/NormanContractDesignOptions.tsx","8","","productId","string","false"
"norman_contract_faux_wood|norman_contract_vertical","src/components/crm/NormanContractDesignOptions.tsx","8","","lineItem","SalesQuoteLineItem","false"
"norman_contract_faux_wood|norman_contract_vertical","src/components/crm/NormanContractDesignOptions.tsx","8","","onUpdateFields","(fields:Partial<SalesQuoteDesign>)=>void","false"
"roller","src/components/crm/NormanRollerCommonOptions.tsx","5","","design","SalesQuoteDesign|undefined","false"
"roller","src/components/crm/NormanRollerCommonOptions.tsx","5","","onUpdateFields","(fields:Partial<SalesQuoteDesign>)=>void","false"
"roller","src/components/crm/NormanRollerHardwareOptions.tsx","5","","design","SalesQuoteDesign|undefined","false"
"roller","src/components/crm/NormanRollerHardwareOptions.tsx","5","","onUpdateFields","(fields:Partial<SalesQuoteDesign>)=>void","false"
"roller","src/components/crm/NormanRollerMeasureFields.tsx","9","Props","details","DetailRecord","false"
"roller","src/components/crm/NormanRollerMeasureFields.tsx","10","Props","disabled","boolean","false"
"roller","src/components/crm/NormanRollerMeasureFields.tsx","11","Props","onDetail","(key: string, value: string | boolean) => void","false"
"roller","src/components/crm/NormanRollerMeasureFields.tsx","12","Props","onFabric","(value: { fabric: string; programId: string | null }) => void","false"
"roller","src/components/crm/NormanRollerMeasureFields.tsx","12","Props","fabric","string","false"
"roller","src/components/crm/NormanRollerMeasureFields.tsx","12","Props","programId","string | null","false"
"roller","src/components/crm/NormanRollerMeasureFields.tsx","57","","label","string","false"
"roller","src/components/crm/NormanRollerMeasureFields.tsx","58","","field","string","false"
"roller","src/components/crm/NormanRollerMeasureFields.tsx","59","","options","string[]","false"
"roller","src/components/crm/NormanRollerMeasureFields.tsx","60","","details","DetailRecord","false"
"roller","src/components/crm/NormanRollerMeasureFields.tsx","61","","disabled","boolean","false"
"roller","src/components/crm/NormanRollerMeasureFields.tsx","62","","onDetail","Props[""onDetail""]","false"
"roller","src/components/crm/NormanRollerPanelOptions.tsx","3","","design","SalesQuoteDesign|undefined","false"
"roller","src/components/crm/NormanRollerPanelOptions.tsx","3","","onUpdateFields","(fields:Partial<SalesQuoteDesign>)=>void","false"
"norman_roman_fabric_by_yard|norman_roman_pillow_covers","src/components/crm/NormanRomanAncillaryOptions.tsx","7","","design","SalesQuoteDesign|undefined","false"
"norman_roman_fabric_by_yard|norman_roman_pillow_covers","src/components/crm/NormanRomanAncillaryOptions.tsx","7","","productId","string","false"
"norman_roman_fabric_by_yard|norman_roman_pillow_covers","src/components/crm/NormanRomanAncillaryOptions.tsx","7","","onUpdateFields","(fields:Partial<SalesQuoteDesign>)=>void","false"
"norman_shutters","src/components/crm/NormanShutterPanelOptions.tsx","10","","design","SalesQuoteDesign|undefined","false"
"norman_shutters","src/components/crm/NormanShutterPanelOptions.tsx","10","","onUpdateFields","(fields:Partial<SalesQuoteDesign>)=>void","false"
"norman_smartdrape_replacement_vanes","src/components/crm/NormanSmartdrapeReplacementOptions.tsx","5","","design","SalesQuoteDesign|undefined","false"
"norman_smartdrape_replacement_vanes","src/components/crm/NormanSmartdrapeReplacementOptions.tsx","5","","onUpdateFields","(fields:Partial<SalesQuoteDesign>)=>void","false"
"smartfold","src/components/crm/NormanSmartfoldChargingOptions.tsx","5","","design","SalesQuoteDesign|undefined","false"
"smartfold","src/components/crm/NormanSmartfoldChargingOptions.tsx","5","","quantity","number","false"
"smartfold","src/components/crm/NormanSmartfoldChargingOptions.tsx","5","","onUpdateFields","(fields:Partial<SalesQuoteDesign>)=>void","false"
"smartfold","src/components/crm/NormanSmartfoldClearanceOptions.tsx","5","","design","SalesQuoteDesign|undefined","false"
"smartfold","src/components/crm/NormanSmartfoldClearanceOptions.tsx","5","","onUpdateFields","(fields:Partial<SalesQuoteDesign>)=>void","false"
"san_clemente_honeycomb|san_clemente_faux_wood","src/components/crm/SanClementeDesignOptions.tsx","11","","design","SalesQuoteDesign | undefined","false"
"san_clemente_honeycomb|san_clemente_faux_wood","src/components/crm/SanClementeDesignOptions.tsx","12","","productId","string","false"
"san_clemente_honeycomb|san_clemente_faux_wood","src/components/crm/SanClementeDesignOptions.tsx","13","","lineItem","SalesQuoteLineItem","false"
"san_clemente_honeycomb|san_clemente_faux_wood","src/components/crm/SanClementeDesignOptions.tsx","14","","onUpdateFields","(fields: Partial<SalesQuoteDesign>) => void","false"
"honeycomb|vertical_honeycomb","src/lib/quote-v2/honeycomb-matrix.ts","72","HoneycombDimensionLimits","minWidth","number","false"
"honeycomb|vertical_honeycomb","src/lib/quote-v2/honeycomb-matrix.ts","73","HoneycombDimensionLimits","maxWidth","number","false"
"honeycomb|vertical_honeycomb","src/lib/quote-v2/honeycomb-matrix.ts","74","HoneycombDimensionLimits","minHeight","number","false"
"honeycomb|vertical_honeycomb","src/lib/quote-v2/honeycomb-matrix.ts","75","HoneycombDimensionLimits","maxHeight","number","false"
"honeycomb|vertical_honeycomb","src/lib/quote-v2/honeycomb-matrix.ts","76","HoneycombDimensionLimits","maxAreaSqFt","number","true"
"honeycomb|vertical_honeycomb","src/lib/quote-v2/honeycomb-matrix.ts","80","HoneycombDimensionProfile","id","string","false"
"honeycomb|vertical_honeycomb","src/lib/quote-v2/honeycomb-matrix.ts","81","HoneycombDimensionProfile","system","HoneycombSystem","false"
"honeycomb|vertical_honeycomb","src/lib/quote-v2/honeycomb-matrix.ts","82","HoneycombDimensionProfile","cells","readonly HoneycombCellSize[]","false"
"honeycomb|vertical_honeycomb","src/lib/quote-v2/honeycomb-matrix.ts","83","HoneycombDimensionProfile","fabricClasses","readonly HoneycombFabricClass[]","true"
"honeycomb|vertical_honeycomb","src/lib/quote-v2/honeycomb-matrix.ts","84","HoneycombDimensionProfile","limits","HoneycombDimensionLimits","false"
"honeycomb|vertical_honeycomb","src/lib/quote-v2/honeycomb-matrix.ts","85","HoneycombDimensionProfile","sourcePage","number","false"
"honeycomb|vertical_honeycomb","src/lib/quote-v2/honeycomb-matrix.ts","86","HoneycombDimensionProfile","sourceId","SourceManifestId","true"
"honeycomb|vertical_honeycomb","src/lib/quote-v2/honeycomb-matrix.ts","412","HoneycombFrameProfile","id","string","false"
"honeycomb|vertical_honeycomb","src/lib/quote-v2/honeycomb-matrix.ts","413","HoneycombFrameProfile","frameAliases","readonly string[]","false"
"honeycomb|vertical_honeycomb","src/lib/quote-v2/honeycomb-matrix.ts","414","HoneycombFrameProfile","mountTypes","readonly (""inside"" | ""outside"")[]","false"
"honeycomb|vertical_honeycomb","src/lib/quote-v2/honeycomb-matrix.ts","415","HoneycombFrameProfile","minWidthsByTPostCount","readonly [number, number, number, number]","false"
"honeycomb|vertical_honeycomb","src/lib/quote-v2/honeycomb-matrix.ts","416","HoneycombFrameProfile","maxWidthsByTPostCount","readonly [number, number, number, number]","false"
"honeycomb|vertical_honeycomb","src/lib/quote-v2/honeycomb-matrix.ts","417","HoneycombFrameProfile","minHeight","number","false"
"honeycomb|vertical_honeycomb","src/lib/quote-v2/honeycomb-matrix.ts","418","HoneycombFrameProfile","minDualHeight","number","false"
"honeycomb|vertical_honeycomb","src/lib/quote-v2/honeycomb-matrix.ts","419","HoneycombFrameProfile","maxHeight","number","false"
"honeycomb|vertical_honeycomb","src/lib/quote-v2/honeycomb-matrix.ts","909","HoneycombMatrixResolution","ok","true","false"
"honeycomb|vertical_honeycomb","src/lib/quote-v2/honeycomb-matrix.ts","910","HoneycombMatrixResolution","system","HoneycombSystem","false"
"honeycomb|vertical_honeycomb","src/lib/quote-v2/honeycomb-matrix.ts","911","HoneycombMatrixResolution","cell","HoneycombCellSize","false"
"honeycomb|vertical_honeycomb","src/lib/quote-v2/honeycomb-matrix.ts","912","HoneycombMatrixResolution","fabricClass","HoneycombFabricClass","false"
"honeycomb|vertical_honeycomb","src/lib/quote-v2/honeycomb-matrix.ts","913","HoneycombMatrixResolution","profile","HoneycombDimensionProfile","false"
"honeycomb|vertical_honeycomb","src/lib/quote-v2/honeycomb-matrix.ts","916","HoneycombMatrixResolution","ok","false","false"
"honeycomb|vertical_honeycomb","src/lib/quote-v2/honeycomb-matrix.ts","917","HoneycombMatrixResolution","code","| ""SYSTEM_REQUIRED"" | ""CELL_REQUIRED"" | ""FABRIC_CLASS_REQUIRED"" | ""SYSTEM_CELL_INELIGIBLE"" | ""FABRIC_CELL_INELIGIBLE"" | ""SYSTEM_FABRIC_INELIGIBLE"" | ""PROFILE_NOT_FOUND"" | ""MOTORIZATION_SOURCE_INCOMPLETE""","false"
"honeycomb|vertical_honeycomb","src/lib/quote-v2/honeycomb-matrix.ts","926","HoneycombMatrixResolution","message","string","false"
"honeycomb|vertical_honeycomb","src/lib/quote-v2/honeycomb-matrix.ts","927","HoneycombMatrixResolution","page","number","false"
"honeycomb|vertical_honeycomb","src/lib/quote-v2/honeycomb-matrix.ts","928","HoneycombMatrixResolution","sourceId","SourceManifestId","true"
"honeycomb|vertical_honeycomb","src/lib/quote-v2/honeycomb-matrix.ts","1371","TwoOnOneProfile","id","string","false"
"honeycomb|vertical_honeycomb","src/lib/quote-v2/honeycomb-matrix.ts","1372","TwoOnOneProfile","system","HoneycombSystem","false"
"honeycomb|vertical_honeycomb","src/lib/quote-v2/honeycomb-matrix.ts","1373","TwoOnOneProfile","cells","readonly HoneycombCellSize[]","false"
"honeycomb|vertical_honeycomb","src/lib/quote-v2/honeycomb-matrix.ts","1374","TwoOnOneProfile","fabrics","readonly HoneycombFabricClass[]","true"
"honeycomb|vertical_honeycomb","src/lib/quote-v2/honeycomb-matrix.ts","1375","TwoOnOneProfile","minWidth","number","false"
"honeycomb|vertical_honeycomb","src/lib/quote-v2/honeycomb-matrix.ts","1376","TwoOnOneProfile","maxWidth","number","false"
"honeycomb|vertical_honeycomb","src/lib/quote-v2/honeycomb-matrix.ts","1377","TwoOnOneProfile","minHeight","number","false"
"honeycomb|vertical_honeycomb","src/lib/quote-v2/honeycomb-matrix.ts","1378","TwoOnOneProfile","maxHeight","number","false"
"honeycomb|vertical_honeycomb","src/lib/quote-v2/honeycomb-matrix.ts","1379","TwoOnOneProfile","maxPerShadeWidth","number","false"
"honeycomb|vertical_honeycomb","src/lib/quote-v2/honeycomb-matrix.ts","1380","TwoOnOneProfile","maxPerShadeAreaSqFt","number","false"
"citylights_aluminum|faux_wood|honeycomb|vertical_honeycomb|roller|roman|perfectsheer|smartfold|smartdrape|smartprivacy_faux|synchrony_vertical|palladian_shelf|wood_blinds|norman_shutters","src/lib/quote-v2/norman-assemblies.ts","263","","line","typeof lines[number]","false"
"citylights_aluminum|faux_wood|honeycomb|vertical_honeycomb|roller|roman|perfectsheer|smartfold|smartdrape|smartprivacy_faux|synchrony_vertical|palladian_shelf|wood_blinds|norman_shutters","src/lib/quote-v2/norman-assemblies.ts","263","","accessories","NonNullable<ReturnType<typeof perfectsheerMotorAccessories> | ReturnType<typeof smartdrapeMotorAccessories> | ReturnType<typeof honeycombMotorAccessories> | ReturnType<typeof romanMotorAccessories>>","false"
"citylights_aluminum","src/lib/quote-v2/norman-citylights.ts","49","","lineId","string","false"
"citylights_aluminum","src/lib/quote-v2/norman-citylights.ts","49","","selection","SelectionContext","false"
"norman_contract_faux_wood|norman_contract_vertical","src/lib/quote-v2/norman-contract-rules.ts","59","","lineId","string","false"
"norman_contract_faux_wood|norman_contract_vertical","src/lib/quote-v2/norman-contract-rules.ts","59","","selection","SelectionContext","false"
"","src/lib/quote-v2/norman-dealer-policy.ts","5","NormanDealerSchedule","id","""standard"" | ""shutter_lead_time""","false"
"","src/lib/quote-v2/norman-dealer-policy.ts","7","NormanDealerSchedule","selectionPercent","30 | 28.5","false"
"","src/lib/quote-v2/norman-dealer-policy.ts","9","NormanDealerSchedule","effectivePortalFactor","number","false"
"","src/lib/quote-v2/norman-dealer-policy.ts","10","NormanDealerSchedule","fixtureId","string","false"
"perfectsheer","src/lib/quote-v2/norman-perfectsheer-matching.ts","5","OrderLine","lineId","string","false"
"perfectsheer","src/lib/quote-v2/norman-perfectsheer-matching.ts","5","OrderLine","roomName","string|null","true"
"perfectsheer","src/lib/quote-v2/norman-perfectsheer-matching.ts","5","OrderLine","selection","SelectionContext","false"
"perfectsheer","src/lib/quote-v2/norman-perfectsheer-valance.ts","57","","lineId","string","false"
"perfectsheer","src/lib/quote-v2/norman-perfectsheer-valance.ts","57","","selection","SelectionContext","false"
"roller","src/lib/quote-v2/norman-roller-common.ts","18","","lineId","string","false"
"roller","src/lib/quote-v2/norman-roller-common.ts","18","","selection","SelectionContext","false"
"roller","src/lib/quote-v2/norman-roller-hardware.ts","10","","issues","ValidationIssue[]","false"
"roller","src/lib/quote-v2/norman-roller-hardware.ts","10","","selections","SurchargeSelection[]","false"
"roller","src/lib/quote-v2/norman-roller-hardware.ts","10","","record","SelectionRecord","false"
"","src/lib/quote-v2/norman-shade-motorization.ts","31","SourceBackedMotorLimits","id","string","false"
"","src/lib/quote-v2/norman-shade-motorization.ts","32","SourceBackedMotorLimits","minWidth","number","false"
"","src/lib/quote-v2/norman-shade-motorization.ts","33","SourceBackedMotorLimits","maxWidth","number","false"
"","src/lib/quote-v2/norman-shade-motorization.ts","34","SourceBackedMotorLimits","minHeight","number","false"
"","src/lib/quote-v2/norman-shade-motorization.ts","35","SourceBackedMotorLimits","maxHeight","number","false"
"","src/lib/quote-v2/norman-shade-motorization.ts","36","SourceBackedMotorLimits","maxAreaSqFt","number","true"
"","src/lib/quote-v2/norman-shade-motorization.ts","37","SourceBackedMotorLimits","sourcePage","number","false"
"","src/lib/quote-v2/norman-shade-motorization.ts","42","NormanShadeMotorizationResolution","ok","true","false"
"","src/lib/quote-v2/norman-shade-motorization.ts","43","NormanShadeMotorizationResolution","productId","""honeycomb"" | ""roman"" | ""smartfold"" | ""perfectsheer"" | ""smartdrape""","false"
"","src/lib/quote-v2/norman-shade-motorization.ts","44","NormanShadeMotorizationResolution","family","NormanShadeMotorFamily","false"
"","src/lib/quote-v2/norman-shade-motorization.ts","45","NormanShadeMotorizationResolution","powerSource","string","false"
"","src/lib/quote-v2/norman-shade-motorization.ts","46","NormanShadeMotorizationResolution","mode","NormanHoneycombMotorMode | ""roman"" | ""roman_day_night"" | ""smartfold"" | ""perfectsheer"" | ""smartdrape""","false"
"","src/lib/quote-v2/norman-shade-motorization.ts","47","NormanShadeMotorizationResolution","limits","readonly SourceBackedMotorLimits[]","false"
"","src/lib/quote-v2/norman-shade-motorization.ts","48","NormanShadeMotorizationResolution","canonicalSelections","readonly CanonicalMotorizationSelection[]","false"
"","src/lib/quote-v2/norman-shade-motorization.ts","49","NormanShadeMotorizationResolution","sourcePages","readonly number[]","false"
"","src/lib/quote-v2/norman-shade-motorization.ts","50","NormanShadeMotorizationResolution","includedAccessories","readonly string[]","false"
"","src/lib/quote-v2/norman-shade-motorization.ts","52","NormanShadeMotorizationResolution","issues","readonly ValidationIssue[]","false"
"","src/lib/quote-v2/norman-shade-motorization.ts","53","NormanShadeMotorizationResolution","derivedAdapterWattage","36 | 65","true"
"","src/lib/quote-v2/norman-shade-motorization.ts","56","NormanShadeMotorizationResolution","ok","false","false"
"","src/lib/quote-v2/norman-shade-motorization.ts","57","NormanShadeMotorizationResolution","issues","readonly ValidationIssue[]","false"
"","src/lib/quote-v2/norman-shade-motorization.ts","59","NormanShadeMotorizationResolution","limits","readonly SourceBackedMotorLimits[]","true"
"","src/lib/quote-v2/norman-shade-motorization.ts","60","NormanShadeMotorizationResolution","sourcePages","readonly number[]","true"
"","src/lib/quote-v2/norman-shade-motorization.ts","62","NormanShadeMotorizationResolution","canonicalSelections","readonly CanonicalMotorizationSelection[]","true"
"","src/lib/quote-v2/norman-shade-motorization.ts","66","MotorConfig","productId","""honeycomb"" | ""roman"" | ""smartfold"" | ""perfectsheer"" | ""smartdrape""","false"
"","src/lib/quote-v2/norman-shade-motorization.ts","67","MotorConfig","lift","string","false"
"","src/lib/quote-v2/norman-shade-motorization.ts","68","MotorConfig","application","string","false"
"","src/lib/quote-v2/norman-shade-motorization.ts","69","MotorConfig","powerSource","string","false"
"","src/lib/quote-v2/norman-shade-motorization.ts","70","MotorConfig","remoteType","string","false"
"","src/lib/quote-v2/norman-shade-motorization.ts","71","MotorConfig","hubRequired","boolean | null","false"
"","src/lib/quote-v2/norman-shade-motorization.ts","72","MotorConfig","motorPosition","string","false"
"","src/lib/quote-v2/norman-shade-motorization.ts","73","MotorConfig","existingRemoteWorkOrder","string","false"
"","src/lib/quote-v2/norman-shade-motorization.ts","74","MotorConfig","canonicalSelections","readonly CanonicalMotorizationSelection[] | null","false"
"","src/lib/quote-v2/norman-shade-motorization.ts","75","MotorConfig","canonicalSelectionsPresent","boolean","false"
"","src/lib/quote-v2/norman-shade-motorization.ts","76","MotorConfig","dcPowerSupply","string","false"
"norman_shutters","src/lib/quote-v2/norman-shutter-pricing-size.ts","11","NormanShutterWindowSizePricingResolution","applicable","boolean","false"
"norman_shutters","src/lib/quote-v2/norman-shutter-pricing-size.ts","12","NormanShutterWindowSizePricingResolution","supported","boolean","false"
"norman_shutters","src/lib/quote-v2/norman-shutter-pricing-size.ts","13","NormanShutterWindowSizePricingResolution","frameType","string | null","false"
"norman_shutters","src/lib/quote-v2/norman-shutter-pricing-size.ts","14","NormanShutterWindowSizePricingResolution","frameSides","2 | 3 | 4 | null","false"
"norman_shutters","src/lib/quote-v2/norman-shutter-pricing-size.ts","15","NormanShutterWindowSizePricingResolution","mountType","""inside"" | ""outside"" | null","false"
"norman_shutters","src/lib/quote-v2/norman-shutter-pricing-size.ts","16","NormanShutterWindowSizePricingResolution","perSidePricingAdditionInches","number | null","false"
"norman_shutters","src/lib/quote-v2/norman-shutter-pricing-size.ts","17","NormanShutterWindowSizePricingResolution","widthAdditionInches","number | null","false"
"norman_shutters","src/lib/quote-v2/norman-shutter-pricing-size.ts","18","NormanShutterWindowSizePricingResolution","heightAdditionInches","number | null","false"
"norman_shutters","src/lib/quote-v2/norman-shutter-pricing-size.ts","19","NormanShutterWindowSizePricingResolution","pricingWidthInches","number | null","false"
"norman_shutters","src/lib/quote-v2/norman-shutter-pricing-size.ts","20","NormanShutterWindowSizePricingResolution","pricingHeightInches","number | null","false"
"norman_shutters","src/lib/quote-v2/norman-shutter-pricing-size.ts","21","NormanShutterWindowSizePricingResolution","reason","| ""not_applicable"" | ""invalid_dimensions"" | ""missing_frame"" | ""missing_frame_sides"" | ""mount_frame_mismatch"" | ""unsupported_frame"" | null","false"
"norman_shutters","src/lib/quote-v2/norman-shutter-pricing-size.ts","29","NormanShutterWindowSizePricingResolution","source","typeof NORMAN_SHUTTER_FRAME_SOURCE","false"
"smartfold","src/lib/quote-v2/norman-smartfold-side-by-side.ts","5","SmartfoldOrderLine","lineId","string","false"
"smartfold","src/lib/quote-v2/norman-smartfold-side-by-side.ts","5","SmartfoldOrderLine","roomName","string | null","true"
"smartfold","src/lib/quote-v2/norman-smartfold-side-by-side.ts","5","SmartfoldOrderLine","selection","SelectionContext","false"
"smartfold","src/lib/quote-v2/norman-smartfold-valance.ts","76","","lineId","string","false"
"smartfold","src/lib/quote-v2/norman-smartfold-valance.ts","76","","selection","SelectionContext","false"
"faux_wood","src/lib/quote-v2/norman-ultimate-assemblies.ts","30","Line","lineId","string","false"
"faux_wood","src/lib/quote-v2/norman-ultimate-assemblies.ts","30","Line","selection","SelectionContext","false"
"perfectsheer|smartfold","src/lib/quote-v2/norman-valance-gaps.ts","19","","start","number | null","false"
"perfectsheer|smartfold","src/lib/quote-v2/norman-valance-gaps.ts","19","","end","number | null","false"
"perfectsheer|smartfold","src/lib/quote-v2/norman-valance-gaps.ts","19","","gap","number | null","false"
"wood_blinds","src/lib/quote-v2/norman-wood-assemblies.ts","30","Line","lineId","string","false"
"wood_blinds","src/lib/quote-v2/norman-wood-assemblies.ts","30","Line","selection","SelectionContext","false"
"roller","src/lib/quote-v2/roller-matrix.ts","18","RollerMatrixResolution","ok","true","false"
"roller","src/lib/quote-v2/roller-matrix.ts","19","RollerMatrixResolution","offering","NormanRollerV2Offering","false"
"roller","src/lib/quote-v2/roller-matrix.ts","20","RollerMatrixResolution","definition","NormanRollerV2ProfileDefinition","false"
"roller","src/lib/quote-v2/roller-matrix.ts","21","RollerMatrixResolution","assignment","NormanRollerV2ProfileAssignment","false"
"roller","src/lib/quote-v2/roller-matrix.ts","22","RollerMatrixResolution","profile","NormanRollerV2LimitProfile","false"
"roller","src/lib/quote-v2/roller-matrix.ts","23","RollerMatrixResolution","sheet","string","false"
"roller","src/lib/quote-v2/roller-matrix.ts","24","RollerMatrixResolution","orientationDerived","boolean","false"
"roller","src/lib/quote-v2/roller-matrix.ts","27","RollerMatrixResolution","ok","false","false"
"roller","src/lib/quote-v2/roller-matrix.ts","28","RollerMatrixResolution","code","| ""OFFERING_NOT_FOUND"" | ""OFFERING_AMBIGUOUS"" | ""REGION_SCOPE_REQUIRED"" | ""REGION_SCOPE_UNKNOWN"" | ""SHEET_NOT_RESOLVED"" | ""LIMIT_ROW_NOT_FOUND"" | ""PROFILE_NOT_FOUND"" | ""PROFILE_AMBIGUOUS"" | ""SOURCE_PROFILE_UNUSABLE""","false"
"roller","src/lib/quote-v2/roller-matrix.ts","38","RollerMatrixResolution","message","string","false"
"roller","src/lib/quote-v2/roller-matrix.ts","39","RollerMatrixResolution","sheet","string","true"
"roller","src/lib/quote-v2/roller-matrix.ts","40","RollerMatrixResolution","sourceRange","string","true"
"roller","src/lib/quote-v2/roller-matrix.ts","41","RollerMatrixResolution","candidates","readonly string[]","true"
"roller","src/lib/quote-v2/roller-matrix.ts","49","RollerOfferingResolution","ok","true","false"
"roller","src/lib/quote-v2/roller-matrix.ts","50","RollerOfferingResolution","offering","NormanRollerV2Offering","false"
"roller","src/lib/quote-v2/roller-matrix.ts","51","RollerOfferingResolution","regionScope","RollerRegionScope | ""all_regions""","false"
"roller","src/lib/quote-v2/roller-matrix.ts","52","RollerOfferingResolution","regionScopeRequired","boolean","false"
"roller","src/lib/quote-v2/roller-matrix.ts","55","RollerOfferingResolution","ok","false","false"
"roller","src/lib/quote-v2/roller-matrix.ts","56","RollerOfferingResolution","code","| ""OFFERING_NOT_FOUND"" | ""OFFERING_AMBIGUOUS"" | ""REGION_SCOPE_REQUIRED"" | ""REGION_SCOPE_UNKNOWN""","false"
"roller","src/lib/quote-v2/roller-matrix.ts","61","RollerOfferingResolution","message","string","false"
"roller","src/lib/quote-v2/roller-matrix.ts","62","RollerOfferingResolution","sheet","string","true"
"roller","src/lib/quote-v2/roller-matrix.ts","63","RollerOfferingResolution","sourceRange","string","true"
"roller","src/lib/quote-v2/roller-matrix.ts","64","RollerOfferingResolution","candidates","readonly string[]","true"
"roller","src/lib/quote-v2/roller-motor-contract.ts","33","CanonicalMotorizationSelection","groupId","string","false"
"roller","src/lib/quote-v2/roller-motor-contract.ts","34","CanonicalMotorizationSelection","optionId","string","false"
"roller","src/lib/quote-v2/roller-motor-contract.ts","35","CanonicalMotorizationSelection","role","CanonicalMotorizationRole","false"
"roller","src/lib/quote-v2/roller-motor-contract.ts","36","CanonicalMotorizationSelection","units","number","false"
"roller","src/lib/quote-v2/roller-motor-contract.ts","37","CanonicalMotorizationSelection","billingScope","""once_per_line""","true"
"roller","src/lib/quote-v2/roller-motor-contract.ts","41","RollerMotorizationContractResult","source","""canonical"" | ""legacy""","false"
"roller","src/lib/quote-v2/roller-motor-contract.ts","42","RollerMotorizationContractResult","selections","readonly CanonicalMotorizationSelection[]","false"
"roller","src/lib/quote-v2/roller-motor-contract.ts","43","RollerMotorizationContractResult","issues","readonly ValidationIssue[]","false"
"roller","src/lib/quote-v2/roller-motor-contract.ts","47","RollerMotorizationContractInput","liftSystem","unknown","false"
"roller","src/lib/quote-v2/roller-motor-contract.ts","48","RollerMotorizationContractInput","powerConfiguration","unknown","false"
"roller","src/lib/quote-v2/roller-motor-contract.ts","49","RollerMotorizationContractInput","application","unknown","true"
"roller","src/lib/quote-v2/roller-motor-contract.ts","50","RollerMotorizationContractInput","couplingArrangement","unknown","true"
"roller","src/lib/quote-v2/roller-motor-contract.ts","51","RollerMotorizationContractInput","componentCount","unknown","true"
"roller","src/lib/quote-v2/roller-motor-contract.ts","52","RollerMotorizationContractInput","canonicalSelections","unknown","false"
"roller","src/lib/quote-v2/roller-motor-contract.ts","53","RollerMotorizationContractInput","canonicalSelectionsPresent","boolean","false"
"roller","src/lib/quote-v2/roller-motor-contract.ts","54","RollerMotorizationContractInput","legacyMotorType","unknown","true"
"roller","src/lib/quote-v2/roller-motor-contract.ts","55","RollerMotorizationContractInput","legacyRemoteType","unknown","true"
"roller","src/lib/quote-v2/roller-motor-contract.ts","56","RollerMotorizationContractInput","legacyHubRequired","unknown","true"
"roller","src/lib/quote-v2/roller-motor-contract.ts","123","","application","unknown","false"
"roller","src/lib/quote-v2/roller-motor-contract.ts","124","","couplingArrangement","unknown","false"
"roller","src/lib/quote-v2/roller-motor-contract.ts","125","","componentCount","unknown","false"
"roller","src/lib/quote-v2/roller-motor-contract.ts","225","","selections","CanonicalMotorizationSelection[]","false"
"roller","src/lib/quote-v2/roller-motor-contract.ts","226","","issues","ValidationIssue[]","false"
"roller","src/lib/quote-v2/roller-motor-contract.ts","723","","groupId","string","false"
"roller","src/lib/quote-v2/roller-motor-contract.ts","723","","optionId","string","false"
"roller","src/lib/quote-v2/roller-motor-contract.ts","723","","units","number","false"
"roller","src/lib/quote-v2/roller-motor-contract.ts","723","","billingScope","""once_per_line""","true"
"roller","src/lib/quote-v2/roller-motor.ts","9","RollerMotorCharge","displayName","string","false"
"roller","src/lib/quote-v2/roller-motor.ts","10","RollerMotorCharge","groupId","string","false"
"roller","src/lib/quote-v2/roller-motor.ts","11","RollerMotorCharge","optionId","string","false"
"roller","src/lib/quote-v2/roller-ui-facets.ts","8","RollerUiFacetSelection","application","string | null","true"
"roller","src/lib/quote-v2/roller-ui-facets.ts","9","RollerUiFacetSelection","couplingArrangement","string | null","true"
"roller","src/lib/quote-v2/roller-ui-facets.ts","10","RollerUiFacetSelection","componentCount","number | string | null","true"
"roller","src/lib/quote-v2/roller-ui-facets.ts","11","RollerUiFacetSelection","topTreatment","string | null","true"
"roller","src/lib/quote-v2/roller-ui-facets.ts","15","RollerUiFacets","sheet","string","false"
"roller","src/lib/quote-v2/roller-ui-facets.ts","16","RollerUiFacets","liftSystems","readonly string[]","false"
"roller","src/lib/quote-v2/roller-ui-facets.ts","17","RollerUiFacets","tubeClasses","readonly string[]","false"
"roller","src/lib/quote-v2/roller-ui-facets.ts","18","RollerUiFacets","powerConfigurations","readonly string[]","false"
"roller","src/lib/quote-v2/roller-ui-facets.ts","177","","liftSystem","string | null","true"
"roller","src/lib/quote-v2/roller-ui-facets.ts","178","","tubeClass","string | null","true"
"roller","src/lib/quote-v2/roller-ui-facets.ts","179","","powerConfiguration","string | null","true"
"roller","src/lib/quote-v2/roller-ui-facets.ts","182","","facets","RollerUiFacets | null","false"
"roller","src/lib/quote-v2/roller-ui-facets.ts","183","","liftSystem","string | null","false"
"roller","src/lib/quote-v2/roller-ui-facets.ts","184","","tubeClass","string | null","false"
"roller","src/lib/quote-v2/roller-ui-facets.ts","185","","powerConfiguration","string | null","false"
"citylights_aluminum|faux_wood|honeycomb|vertical_honeycomb|roller|roman|perfectsheer|smartfold|smartdrape|smartprivacy_faux|synchrony_vertical|palladian_shelf|wood_blinds|norman_shutters","src/lib/quote-v2/rules.ts","75","RuleSource","sourceId","SourceManifestId","false"
"citylights_aluminum|faux_wood|honeycomb|vertical_honeycomb|roller|roman|perfectsheer|smartfold|smartdrape|smartprivacy_faux|synchrony_vertical|palladian_shelf|wood_blinds|norman_shutters","src/lib/quote-v2/rules.ts","76","RuleSource","page","number","true"
"citylights_aluminum|faux_wood|honeycomb|vertical_honeycomb|roller|roman|perfectsheer|smartfold|smartdrape|smartprivacy_faux|synchrony_vertical|palladian_shelf|wood_blinds|norman_shutters","src/lib/quote-v2/rules.ts","77","RuleSource","pages","readonly number[]","true"
"citylights_aluminum|faux_wood|honeycomb|vertical_honeycomb|roller|roman|perfectsheer|smartfold|smartdrape|smartprivacy_faux|synchrony_vertical|palladian_shelf|wood_blinds|norman_shutters","src/lib/quote-v2/rules.ts","78","RuleSource","sheet","string","true"
"citylights_aluminum|faux_wood|honeycomb|vertical_honeycomb|roller|roman|perfectsheer|smartfold|smartdrape|smartprivacy_faux|synchrony_vertical|palladian_shelf|wood_blinds|norman_shutters","src/lib/quote-v2/rules.ts","79","RuleSource","range","string","true"
"citylights_aluminum|faux_wood|honeycomb|vertical_honeycomb|roller|roman|perfectsheer|smartfold|smartdrape|smartprivacy_faux|synchrony_vertical|palladian_shelf|wood_blinds|norman_shutters","src/lib/quote-v2/rules.ts","187","","key","string","false"
"citylights_aluminum|faux_wood|honeycomb|vertical_honeycomb|roller|roman|perfectsheer|smartfold|smartdrape|smartprivacy_faux|synchrony_vertical|palladian_shelf|wood_blinds|norman_shutters","src/lib/quote-v2/rules.ts","187","","label","string","false"
"citylights_aluminum|faux_wood|honeycomb|vertical_honeycomb|roller|roman|perfectsheer|smartfold|smartdrape|smartprivacy_faux|synchrony_vertical|palladian_shelf|wood_blinds|norman_shutters","src/lib/quote-v2/rules.ts","384","","id","string","false"
"citylights_aluminum|faux_wood|honeycomb|vertical_honeycomb|roller|roman|perfectsheer|smartfold|smartdrape|smartprivacy_faux|synchrony_vertical|palladian_shelf|wood_blinds|norman_shutters","src/lib/quote-v2/rules.ts","384","","units","number","false"
"citylights_aluminum|faux_wood|honeycomb|vertical_honeycomb|roller|roman|perfectsheer|smartfold|smartdrape|smartprivacy_faux|synchrony_vertical|palladian_shelf|wood_blinds|norman_shutters","src/lib/quote-v2/rules.ts","405","","groupId","string","false"
"citylights_aluminum|faux_wood|honeycomb|vertical_honeycomb|roller|roman|perfectsheer|smartfold|smartdrape|smartprivacy_faux|synchrony_vertical|palladian_shelf|wood_blinds|norman_shutters","src/lib/quote-v2/rules.ts","405","","optionId","string","false"
"citylights_aluminum|faux_wood|honeycomb|vertical_honeycomb|roller|roman|perfectsheer|smartfold|smartdrape|smartprivacy_faux|synchrony_vertical|palladian_shelf|wood_blinds|norman_shutters","src/lib/quote-v2/rules.ts","814","","groupId","string","false"
"citylights_aluminum|faux_wood|honeycomb|vertical_honeycomb|roller|roman|perfectsheer|smartfold|smartdrape|smartprivacy_faux|synchrony_vertical|palladian_shelf|wood_blinds|norman_shutters","src/lib/quote-v2/rules.ts","814","","optionId","string","false"
"roller","src/lib/quote/norman-roller-common.ts","4","RollerCommonChoice","version","1","false"
"roller","src/lib/quote/norman-roller-common.ts","4","RollerCommonChoice","groupId","string","false"
"roller","src/lib/quote/norman-roller-common.ts","4","RollerCommonChoice","position","number","false"
"roller","src/lib/quote/norman-roller-common.ts","4","RollerCommonChoice","gapAfter","number","false"
"roller","src/lib/quote/norman-roller-common.ts","4","RollerCommonChoice","returns","typeof ROLLER_RETURN_SIDES[number]","false"
"roller","src/lib/quote/norman-roller-common.ts","4","RollerCommonChoice","customWidth","number|null","false"
"roller","src/lib/quote/norman-roller-common.ts","10","RollerCommonDraft","key","string","false"
"roller","src/lib/quote/norman-roller-common.ts","10","RollerCommonDraft","base","RollerCommonChoice","false"
"roller","src/lib/quote/norman-roller-common.ts","10","RollerCommonDraft","record","RollerCommonChoice","false"
"roller","src/lib/quote/norman-roller-common.ts","10","RollerCommonDraft","submitted","RollerCommonChoice|null","false"
"roller","src/lib/quote/norman-roller-fabrics.ts","16","NormanRollerFabricColor","collection","string","false"
"roller","src/lib/quote/norman-roller-fabrics.ts","17","NormanRollerFabricColor","fabricType","string","false"
"roller","src/lib/quote/norman-roller-fabrics.ts","18","NormanRollerFabricColor","colorCode","string","false"
"roller","src/lib/quote/norman-roller-fabrics.ts","19","NormanRollerFabricColor","colorName","string","false"
"roller","src/lib/quote/norman-roller-fabrics.ts","20","NormanRollerFabricColor","publicColorName","string","false"
"roller","src/lib/quote/norman-roller-fabrics.ts","21","NormanRollerFabricColor","frStatus","string","false"
"roller","src/lib/quote/norman-roller-fabrics.ts","22","NormanRollerFabricColor","imageUrl","string","false"
"roller","src/lib/quote/norman-roller-fabrics.ts","23","NormanRollerFabricColor","sourceNote","string","false"
"roller","src/lib/quote/norman-roller-fabrics.ts","24","NormanRollerFabricColor","programId","string | null","false"
"roller","src/lib/quote/norman-roller-fabrics.ts","25","NormanRollerFabricColor","available","boolean","false"
"roller","src/lib/quote/norman-roller-fabrics.ts","26","NormanRollerFabricColor","searchText","string","false"
"roller","src/lib/quote/norman-roller-fabrics.ts","4595","","includeUnavailable","boolean","true"
"roller","src/lib/quote/norman-roller-fabrics.ts","4595","","limit","number","true"
"roller","src/lib/quote/norman-roller-hardware.ts","3","RollerHardwareChoice","version","1","false"
"roller","src/lib/quote/norman-roller-hardware.ts","3","RollerHardwareChoice","installation","""""|typeof ROLLER_INSTALLATIONS[number]","false"
"roller","src/lib/quote/norman-roller-hardware.ts","3","RollerHardwareChoice","shimLayers","number","false"
"roller","src/lib/quote/norman-roller-hardware.ts","3","RollerHardwareChoice","raceway","boolean","false"
"roller","src/lib/quote/norman-roller-hardware.ts","10","RollerHardwareDraft","key","string","false"
"roller","src/lib/quote/norman-roller-hardware.ts","10","RollerHardwareDraft","base","RollerHardwareChoice","false"
"roller","src/lib/quote/norman-roller-hardware.ts","10","RollerHardwareDraft","record","RollerHardwareChoice","false"
"roller","src/lib/quote/norman-roller-hardware.ts","10","RollerHardwareDraft","submitted","RollerHardwareChoice|null","false"
"roman|norman_roman_fabric_by_yard|norman_roman_pillow_covers","src/lib/quote/norman-roman-ancillary-draft.ts","2","AncillaryDraft","key","string","false"
"roman|norman_roman_fabric_by_yard|norman_roman_pillow_covers","src/lib/quote/norman-roman-ancillary-draft.ts","2","AncillaryDraft","base","RomanAncillaryRecord","false"
"roman|norman_roman_fabric_by_yard|norman_roman_pillow_covers","src/lib/quote/norman-roman-ancillary-draft.ts","2","AncillaryDraft","record","RomanAncillaryRecord","false"
"roman|norman_roman_fabric_by_yard|norman_roman_pillow_covers","src/lib/quote/norman-roman-ancillary-draft.ts","2","AncillaryDraft","submitted","RomanAncillaryRecord|null","false"
"roman|norman_roman_fabric_by_yard|norman_roman_pillow_covers","src/lib/quote/norman-roman-ancillary.ts","36","RomanAncillaryRecord","version","1","false"
"roman|norman_roman_fabric_by_yard|norman_roman_pillow_covers","src/lib/quote/norman-roman-ancillary.ts","36","RomanAncillaryRecord","colorCode","string","false"
"roman|norman_roman_fabric_by_yard|norman_roman_pillow_covers","src/lib/quote/norman-roman-ancillary.ts","36","RomanAncillaryRecord","kind","'yardage'","false"
"roman|norman_roman_fabric_by_yard|norman_roman_pillow_covers","src/lib/quote/norman-roman-ancillary.ts","36","RomanAncillaryRecord","yards","number | null","false"
"roman|norman_roman_fabric_by_yard|norman_roman_pillow_covers","src/lib/quote/norman-roman-ancillary.ts","37","RomanAncillaryRecord","version","1","false"
"roman|norman_roman_fabric_by_yard|norman_roman_pillow_covers","src/lib/quote/norman-roman-ancillary.ts","37","RomanAncillaryRecord","colorCode","string","false"
"roman|norman_roman_fabric_by_yard|norman_roman_pillow_covers","src/lib/quote/norman-roman-ancillary.ts","37","RomanAncillaryRecord","kind","'pillow_cover'","false"
"roman|norman_roman_fabric_by_yard|norman_roman_pillow_covers","src/lib/quote/norman-roman-ancillary.ts","37","RomanAncillaryRecord","size","PillowSize | ''","false"
"roman|norman_roman_fabric_by_yard|norman_roman_pillow_covers","src/lib/quote/norman-roman-ancillary.ts","37","RomanAncillaryRecord","edge","'knife' | 'piping' | ''","false"
"roman|norman_roman_fabric_by_yard|norman_roman_pillow_covers","src/lib/quote/norman-roman-ancillary.ts","37","RomanAncillaryRecord","pattern","'standard'","false"
"norman_shutters","src/lib/quote/norman-shutter-bifold180-construction.ts","3","NormanBifold180Construction","version","1","false"
"norman_shutters","src/lib/quote/norman-shutter-bifold180-construction.ts","4","NormanBifold180Construction","casing","'' | 'none' | 'existing'","false"
"norman_shutters","src/lib/quote/norman-shutter-bifold180-construction.ts","5","NormanBifold180Construction","referenceWidthInches","number | null","false"
"norman_shutters","src/lib/quote/norman-shutter-bifold180-construction.ts","6","NormanBifold180Construction","referenceHeightInches","number | null","false"
"norman_shutters","src/lib/quote/norman-shutter-bifold180-construction.ts","7","NormanBifold180Construction","headerInches","3 | 3.5 | null","false"
"norman_shutters","src/lib/quote/norman-shutter-bifold180-construction.ts","8","NormanBifold180Construction","fascia","'' | 'plain' | 'deco'","false"
"norman_shutters","src/lib/quote/norman-shutter-bifold180-construction.ts","9","NormanBifold180Construction","headerExtensionInches","number | null","false"
"norman_shutters","src/lib/quote/norman-shutter-bifold180-construction.ts","10","NormanBifold180Construction","baseboardThicknessInches","number | null","false"
"norman_shutters","src/lib/quote/norman-shutter-bifold180-construction.ts","11","NormanBifold180Construction","headerBuildoutInches","number | null","false"
"norman_shutters","src/lib/quote/norman-shutter-bifold180-construction.ts","12","NormanBifold180Construction","bottomPivotLBracket","boolean | null","false"
"norman_shutters","src/lib/quote/norman-shutter-bifold180-construction.ts","13","NormanBifold180Construction","lightBlockExtensionInches","number | null","false"
"norman_shutters","src/lib/quote/norman-shutter-bifold180.ts","3","NormanBifold180Record","version","1","false"
"norman_shutters","src/lib/quote/norman-shutter-bifold180.ts","3","NormanBifold180Record","layout","string","false"
"norman_shutters","src/lib/quote/norman-shutter-bifold180.ts","3","NormanBifold180Record","flatMountingSurface","boolean","false"
"norman_shutters","src/lib/quote/norman-shutter-bifold180.ts","3","NormanBifold180Record","construction","NormanBifold180Construction","true"
"norman_shutters","src/lib/quote/norman-shutter-panel-draft.ts","3","NormanPanelDraft","key","string","false"
"norman_shutters","src/lib/quote/norman-shutter-panel-draft.ts","3","NormanPanelDraft","base","NormanShutterPanelRecord","false"
"norman_shutters","src/lib/quote/norman-shutter-panel-draft.ts","3","NormanPanelDraft","draft","NormanShutterPanelRecord","false"
"norman_shutters","src/lib/quote/norman-shutter-panel-draft.ts","3","NormanPanelDraft","submitted","NormanShutterPanelRecord|null","false"
"norman_shutters","src/lib/quote/norman-shutter-panels.ts","11","NormanShutterPanelRecord","version","1","false"
"norman_shutters","src/lib/quote/norman-shutter-panels.ts","12","NormanShutterPanelRecord","application","NormanShutterApplication | ''","false"
"norman_shutters","src/lib/quote/norman-shutter-panels.ts","13","NormanShutterPanelRecord","motor","'none' | 'perfect_tilt_g4' | 'other' | ''","false"
"norman_shutters","src/lib/quote/norman-shutter-panels.ts","14","NormanShutterPanelRecord","existingDoorGlassOrSidelight","boolean","false"
"norman_shutters","src/lib/quote/norman-shutter-panels.ts","15","NormanShutterPanelRecord","panels","Array<{heightInches:number|null;divider:'none'|'present'|'';widthInches?:number|null}>","false"
"norman_shutters","src/lib/quote/norman-shutter-panels.ts","15","NormanShutterPanelRecord","heightInches","number|null","false"
"norman_shutters","src/lib/quote/norman-shutter-panels.ts","15","NormanShutterPanelRecord","divider","'none'|'present'|''","false"
"norman_shutters","src/lib/quote/norman-shutter-panels.ts","15","NormanShutterPanelRecord","widthInches","number|null","true"
"norman_shutters","src/lib/quote/norman-shutter-panels.ts","16","NormanShutterPanelRecord","bifold180","NormanBifold180Record","true"
"smartdrape|norman_smartdrape_replacement_vanes","src/lib/quote/norman-smartdrape-replacement.ts","9","ReplacementRequest","version","1","false"
"smartdrape|norman_smartdrape_replacement_vanes","src/lib/quote/norman-smartdrape-replacement.ts","9","ReplacementRequest","originalWorkOrder","string","false"
"smartdrape|norman_smartdrape_replacement_vanes","src/lib/quote/norman-smartdrape-replacement.ts","9","ReplacementRequest","style","'A'|'B'|''","false"
"smartdrape|norman_smartdrape_replacement_vanes","src/lib/quote/norman-smartdrape-replacement.ts","9","ReplacementRequest","shadeType","'Single'|'Side by Side'","false"
"smartdrape|norman_smartdrape_replacement_vanes","src/lib/quote/norman-smartdrape-replacement.ts","9","ReplacementRequest","stack","typeof replacementStacks[number]|''","false"
"smartdrape|norman_smartdrape_replacement_vanes","src/lib/quote/norman-smartdrape-replacement.ts","9","ReplacementRequest","colorMode","'Single Color'|'Alternating'","false"
"smartdrape|norman_smartdrape_replacement_vanes","src/lib/quote/norman-smartdrape-replacement.ts","9","ReplacementRequest","firstColor","string","false"
"smartdrape|norman_smartdrape_replacement_vanes","src/lib/quote/norman-smartdrape-replacement.ts","9","ReplacementRequest","secondColor","string","false"
"smartdrape|norman_smartdrape_replacement_vanes","src/lib/quote/norman-smartdrape-replacement.ts","9","ReplacementRequest","originalVaneCount","number|null","false"
"smartdrape|norman_smartdrape_replacement_vanes","src/lib/quote/norman-smartdrape-replacement.ts","9","ReplacementRequest","vaneLengthInches","number|null","false"
"smartfold","src/lib/quote/norman-smartfold-charging.ts","2","SmartfoldCharging","version","1","false"
"smartfold","src/lib/quote/norman-smartfold-charging.ts","2","SmartfoldCharging","extraChargingKits","number","false"
"smartfold","src/lib/quote/norman-smartfold-charging.ts","2","SmartfoldCharging","extensionCables","number","false"
"smartfold","src/lib/quote/norman-smartfold-charging.ts","2","SmartfoldCharging","extensionColor","""""|""White""|""Black""","false"
"smartfold","src/lib/quote/norman-smartfold-charging.ts","11","ChargingDraft","key","string","false"
"smartfold","src/lib/quote/norman-smartfold-charging.ts","11","ChargingDraft","base","SmartfoldCharging","false"
"smartfold","src/lib/quote/norman-smartfold-charging.ts","11","ChargingDraft","record","SmartfoldCharging","false"
"smartfold","src/lib/quote/norman-smartfold-charging.ts","11","ChargingDraft","submitted","SmartfoldCharging|null","false"
"smartfold","src/lib/quote/norman-smartfold-clearance.ts","2","SmartfoldClearance","version","1","false"
"smartfold","src/lib/quote/norman-smartfold-clearance.ts","2","SmartfoldClearance","mountingAreaHeight","number|null","false"
"smartfold","src/lib/quote/norman-smartfold-clearance.ts","2","SmartfoldClearance","mountingSpaceHeight","number|null","false"
"smartfold","src/lib/quote/norman-smartfold-clearance.ts","9","SmartfoldClearanceDraft","key","string","false"
"smartfold","src/lib/quote/norman-smartfold-clearance.ts","9","SmartfoldClearanceDraft","base","SmartfoldClearance","false"
"smartfold","src/lib/quote/norman-smartfold-clearance.ts","9","SmartfoldClearanceDraft","record","SmartfoldClearance","false"
"smartfold","src/lib/quote/norman-smartfold-clearance.ts","9","SmartfoldClearanceDraft","submitted","SmartfoldClearance|null","false"
"synchrony_vertical","src/lib/quote/norman-synchrony.ts","2","SynchronyCollection","collection","string","false"
"synchrony_vertical","src/lib/quote/norman-synchrony.ts","3","SynchronyCollection","priceGroup","""group1"" | ""group2"" | ""group3"" | ""group4""","false"
"synchrony_vertical","src/lib/quote/norman-synchrony.ts","4","SynchronyCollection","colors","readonly string[]","false"
"","src/mts-quote/components/crm/quote-builder/DesignCard.tsx","415","CrmQuoteCatalogPayload","catalog","{ source?: string; effectiveDate?: string; products?: Array< Omit<QuoteLabCatalogProduct, ""motorizationGroups""> & { motorizationGroups?: string[]; } >; motorization?: Array<{ groupId: string; name: string; options: Array<{ id: string; name: string; price: number | null; priceByProduct?: Record<string, number | null>; }>; }>; }","true"
"","src/mts-quote/components/crm/quote-builder/DesignCard.tsx","416","CrmQuoteCatalogPayload","source","string","true"
"","src/mts-quote/components/crm/quote-builder/DesignCard.tsx","417","CrmQuoteCatalogPayload","effectiveDate","string","true"
"","src/mts-quote/components/crm/quote-builder/DesignCard.tsx","418","CrmQuoteCatalogPayload","products","Array< Omit<QuoteLabCatalogProduct, ""motorizationGroups""> & { motorizationGroups?: string[]; } >","true"
"","src/mts-quote/components/crm/quote-builder/DesignCard.tsx","420","CrmQuoteCatalogPayload","motorizationGroups","string[]","true"
"","src/mts-quote/components/crm/quote-builder/DesignCard.tsx","423","CrmQuoteCatalogPayload","motorization","Array<{ groupId: string; name: string; options: Array<{ id: string; name: string; price: number | null; priceByProduct?: Record<string, number | null>; }>; }>","true"
"","src/mts-quote/components/crm/quote-builder/DesignCard.tsx","424","CrmQuoteCatalogPayload","groupId","string","false"
"","src/mts-quote/components/crm/quote-builder/DesignCard.tsx","425","CrmQuoteCatalogPayload","name","string","false"
"","src/mts-quote/components/crm/quote-builder/DesignCard.tsx","426","CrmQuoteCatalogPayload","options","Array<{ id: string; name: string; price: number | null; priceByProduct?: Record<string, number | null>; }>","false"
"","src/mts-quote/components/crm/quote-builder/DesignCard.tsx","427","CrmQuoteCatalogPayload","id","string","false"
"","src/mts-quote/components/crm/quote-builder/DesignCard.tsx","428","CrmQuoteCatalogPayload","name","string","false"
"","src/mts-quote/components/crm/quote-builder/DesignCard.tsx","429","CrmQuoteCatalogPayload","price","number | null","false"
"","src/mts-quote/components/crm/quote-builder/DesignCard.tsx","430","CrmQuoteCatalogPayload","priceByProduct","Record<string, number | null>","true"
"","src/mts-quote/components/crm/quote-builder/DesignCard.tsx","531","SideBySideLineOption","lineId","string","false"
"","src/mts-quote/components/crm/quote-builder/DesignCard.tsx","532","SideBySideLineOption","label","string","false"
"","src/mts-quote/components/crm/quote-builder/DesignCard.tsx","533","SideBySideLineOption","design","SalesQuoteDesign","false"
"","src/mts-quote/components/crm/quote-builder/DesignCard.tsx","537","DesignCardProps","lineItem","SalesQuoteLineItem","false"
"","src/mts-quote/components/crm/quote-builder/DesignCard.tsx","538","DesignCardProps","lineNumber","number","false"
"","src/mts-quote/components/crm/quote-builder/DesignCard.tsx","539","DesignCardProps","lineNumberLabel","string","true"
"","src/mts-quote/components/crm/quote-builder/DesignCard.tsx","540","DesignCardProps","designs","SalesQuoteDesign[]","false"
"","src/mts-quote/components/crm/quote-builder/DesignCard.tsx","541","DesignCardProps","authoritativeV2","boolean","true"
"","src/mts-quote/components/crm/quote-builder/DesignCard.tsx","542","DesignCardProps","mobilePresentation","boolean","true"
"","src/mts-quote/components/crm/quote-builder/DesignCard.tsx","543","DesignCardProps","catalogProducts","readonly QuoteLabCatalogProduct[]","true"
"","src/mts-quote/components/crm/quote-builder/DesignCard.tsx","544","DesignCardProps","onUpdateDesign","( design: Partial<SalesQuoteDesign> & { line_item_id: string; variant: string } ) => void","false"
"","src/mts-quote/components/crm/quote-builder/DesignCard.tsx","545","DesignCardProps","line_item_id","string","false"
"","src/mts-quote/components/crm/quote-builder/DesignCard.tsx","545","DesignCardProps","variant","string","false"
"","src/mts-quote/components/crm/quote-builder/DesignCard.tsx","547","DesignCardProps","onCopyAll","() => void","false"
"","src/mts-quote/components/crm/quote-builder/DesignCard.tsx","548","DesignCardProps","onCopySome","() => void","false"
"","src/mts-quote/components/crm/quote-builder/DesignCard.tsx","549","DesignCardProps","onStack","() => void","false"
"","src/mts-quote/components/crm/quote-builder/DesignCard.tsx","550","DesignCardProps","copyMode","""none"" | ""all"" | ""some""","false"
"","src/mts-quote/components/crm/quote-builder/DesignCard.tsx","551","DesignCardProps","isCopyTarget","boolean","false"
"","src/mts-quote/components/crm/quote-builder/DesignCard.tsx","552","DesignCardProps","isSelectedTarget","boolean","false"
"","src/mts-quote/components/crm/quote-builder/DesignCard.tsx","553","DesignCardProps","onToggleCopyTarget","() => void","false"
"","src/mts-quote/components/crm/quote-builder/DesignCard.tsx","554","DesignCardProps","discountPercents","readonly QuoteDiscountPercent[]","true"
"","src/mts-quote/components/crm/quote-builder/DesignCard.tsx","555","DesignCardProps","onApplyDiscount","(percent: QuoteDiscountPercent) => void","true"
"","src/mts-quote/components/crm/quote-builder/DesignCard.tsx","556","DesignCardProps","isDiscountPending","boolean","true"
"","src/mts-quote/components/crm/quote-builder/DesignCard.tsx","557","DesignCardProps","isPriceLocked","boolean","true"
"","src/mts-quote/components/crm/quote-builder/DesignCard.tsx","558","DesignCardProps","onSaveLinePrice","(variant: string, price: number) => Promise<void>","false"
"","src/mts-quote/components/crm/quote-builder/DesignCard.tsx","559","DesignCardProps","onOpenMeasurement","() => void","true"
"","src/mts-quote/components/crm/quote-builder/DesignCard.tsx","560","DesignCardProps","onDelete","() => void","true"
"","src/mts-quote/components/crm/quote-builder/DesignCard.tsx","561","DesignCardProps","onCopyItem","() => void","true"
"","src/mts-quote/components/crm/quote-builder/DesignCard.tsx","562","DesignCardProps","onChangeProductType","(productType: string) => void","true"
"","src/mts-quote/components/crm/quote-builder/DesignCard.tsx","563","DesignCardProps","onUpdateRoomName","(roomName: string) => void","true"
"","src/mts-quote/components/crm/quote-builder/DesignCard.tsx","564","DesignCardProps","onUpdateQuantity","(quantity: number) => void","true"
"","src/mts-quote/components/crm/quote-builder/DesignCard.tsx","565","DesignCardProps","sideBySideLineOptions","readonly SideBySideLineOption[]","true"
"","src/mts-quote/components/crm/quote-builder/DesignCard.tsx","566","DesignCardProps","historicalDesignUnitPrices","Readonly<Record<string, number>>","true"
"","src/mts-quote/components/crm/quote-builder/DesignCard.tsx","573","CompletedStep","key","string","false"
"","src/mts-quote/components/crm/quote-builder/DesignCard.tsx","574","CompletedStep","label","string","false"
"","src/mts-quote/components/crm/quote-builder/DesignCard.tsx","575","CompletedStep","value","string","false"
"","src/mts-quote/components/crm/quote-builder/DesignCard.tsx","580","DefiningStep","key","string","false"
"","src/mts-quote/components/crm/quote-builder/DesignCard.tsx","581","DefiningStep","label","string","false"
"","src/mts-quote/components/crm/quote-builder/DesignCard.tsx","582","DefiningStep","field","string","false"
"","src/mts-quote/components/crm/quote-builder/DesignCard.tsx","583","DefiningStep","options","readonly string[]","false"
"","src/mts-quote/components/crm/quote-builder/DesignCard.tsx","589","GridOptionButtons","key","string","false"
"","src/mts-quote/components/crm/quote-builder/DesignCard.tsx","590","GridOptionButtons","label","string","false"
"","src/mts-quote/components/crm/quote-builder/DesignCard.tsx","591","GridOptionButtons","field","string","false"
"","src/mts-quote/components/crm/quote-builder/DesignCard.tsx","592","GridOptionButtons","type","""buttons""","false"
"","src/mts-quote/components/crm/quote-builder/DesignCard.tsx","593","GridOptionButtons","options","readonly string[]","false"
"","src/mts-quote/components/crm/quote-builder/DesignCard.tsx","597","GridOptionSelect","key","string","false"
"","src/mts-quote/components/crm/quote-builder/DesignCard.tsx","598","GridOptionSelect","label","string","false"
"","src/mts-quote/components/crm/quote-builder/DesignCard.tsx","599","GridOptionSelect","field","string","false"
"","src/mts-quote/components/crm/quote-builder/DesignCard.tsx","600","GridOptionSelect","type","""select""","false"
"","src/mts-quote/components/crm/quote-builder/DesignCard.tsx","601","GridOptionSelect","options","readonly string[]","false"
"","src/mts-quote/components/crm/quote-builder/DesignCard.tsx","605","GridOptionYesNo","key","string","false"
"","src/mts-quote/components/crm/quote-builder/DesignCard.tsx","606","GridOptionYesNo","label","string","false"
"","src/mts-quote/components/crm/quote-builder/DesignCard.tsx","607","GridOptionYesNo","field","string","false"
"","src/mts-quote/components/crm/quote-builder/DesignCard.tsx","608","GridOptionYesNo","type","""yes-no""","false"
"","src/mts-quote/components/crm/quote-builder/DesignCard.tsx","609","GridOptionYesNo","noFirst","boolean","true"
"","src/mts-quote/components/crm/quote-builder/DesignCard.tsx","613","GridOptionText","key","string","false"
"","src/mts-quote/components/crm/quote-builder/DesignCard.tsx","613","GridOptionText","label","string","false"
"","src/mts-quote/components/crm/quote-builder/DesignCard.tsx","613","GridOptionText","field","string","false"
"","src/mts-quote/components/crm/quote-builder/DesignCard.tsx","613","GridOptionText","type","""text""","false"
"","src/mts-quote/components/crm/quote-builder/DesignCard.tsx","613","GridOptionText","placeholder","string","true"
"","src/mts-quote/components/crm/quote-builder/DesignCard.tsx","617","GridOptionNumber","key","string","false"
"","src/mts-quote/components/crm/quote-builder/DesignCard.tsx","618","GridOptionNumber","label","string","false"
"","src/mts-quote/components/crm/quote-builder/DesignCard.tsx","619","GridOptionNumber","field","string","false"
"","src/mts-quote/components/crm/quote-builder/DesignCard.tsx","620","GridOptionNumber","type","""number""","false"
"","src/mts-quote/components/crm/quote-builder/DesignCard.tsx","621","GridOptionNumber","min","number","true"
"","src/mts-quote/components/crm/quote-builder/DesignCard.tsx","622","GridOptionNumber","max","number","true"
"","src/mts-quote/components/crm/quote-builder/DesignCard.tsx","623","GridOptionNumber","step","string","true"
"","src/mts-quote/components/crm/quote-builder/DesignCard.tsx","624","GridOptionNumber","placeholder","string","true"
"","src/mts-quote/components/crm/quote-builder/DesignCard.tsx","625","GridOptionNumber","unit","string","true"
"","src/mts-quote/components/crm/quote-builder/DesignCard.tsx","629","GridSelectGroup","label","string","false"
"","src/mts-quote/components/crm/quote-builder/DesignCard.tsx","629","GridSelectGroup","items","readonly string[]","false"
"","src/mts-quote/components/crm/quote-builder/DesignCard.tsx","660","FabricMetadataKeys","id","string","false"
"","src/mts-quote/components/crm/quote-builder/DesignCard.tsx","661","FabricMetadataKeys","productId","string","false"
"","src/mts-quote/components/crm/quote-builder/DesignCard.tsx","662","FabricMetadataKeys","programId","string","false"
"","src/mts-quote/components/crm/quote-builder/DesignCard.tsx","663","FabricMetadataKeys","collection","string","false"
"","src/mts-quote/components/crm/quote-builder/DesignCard.tsx","664","FabricMetadataKeys","code","string","false"
"","src/mts-quote/components/crm/quote-builder/DesignCard.tsx","665","FabricMetadataKeys","name","string","false"
"","src/mts-quote/components/crm/quote-builder/DesignCard.tsx","666","FabricMetadataKeys","fabricType","string","false"
"","src/mts-quote/components/crm/quote-builder/DesignCard.tsx","667","FabricMetadataKeys","surchargeId","string","false"
"","src/mts-quote/components/crm/quote-builder/DesignCard.tsx","710","QuoteSurcharge","id","string","false"
"","src/mts-quote/components/crm/quote-builder/DesignCard.tsx","711","QuoteSurcharge","name","string","false"
"","src/mts-quote/components/crm/quote-builder/DesignCard.tsx","712","QuoteSurcharge","type","""percentage"" | ""fixed""","false"
"","src/mts-quote/components/crm/quote-builder/DesignCard.tsx","713","QuoteSurcharge","value","number","false"
"","src/mts-quote/components/crm/quote-builder/DesignCard.tsx","714","QuoteSurcharge","quantity","number","false"
"","src/mts-quote/components/crm/quote-builder/DesignCard.tsx","715","QuoteSurcharge","category","string","false"
"","src/mts-quote/components/crm/quote-builder/DesignCard.tsx","716","QuoteSurcharge","portalLabel","string","true"
"","src/mts-quote/components/crm/quote-builder/DesignCard.tsx","720","SurchargeCatalogItem","applicableTo","string[]","true"
"","src/mts-quote/components/crm/quote-builder/DesignCard.tsx","1492","MotorizationUiEligibility","productId","string | null","false"
"","src/mts-quote/components/crm/quote-builder/DesignCard.tsx","1493","MotorizationUiEligibility","eligible","boolean","false"
"","src/mts-quote/components/crm/quote-builder/DesignCard.tsx","1494","MotorizationUiEligibility","reason","| ""eligible"" | ""manufacturer_reselection_required"" | ""catalog_motorization_unsupported"" | ""manufacturer_ui_not_integrated""","false"
"","src/mts-quote/components/crm/quote-builder/DesignCard.tsx","1566","ManufacturerOptionsUiRoute","status","""selection_required"" | ""supported"" | ""unsupported"" | ""manual_quote""","false"
"","src/mts-quote/components/crm/quote-builder/DesignCard.tsx","1567","ManufacturerOptionsUiRoute","productId","string | null","false"
"","src/mts-quote/components/crm/quote-builder/DesignCard.tsx","1568","ManufacturerOptionsUiRoute","manufacturer","string | null","false"
"","src/mts-quote/components/crm/quote-builder/DesignCard.tsx","1643","","manufacturer","string","true"
"","src/mts-quote/components/crm/quote-builder/DesignCard.tsx","1655","","productId","string","false"
"","src/mts-quote/components/crm/quote-builder/DesignCard.tsx","1655","","programId","string","false"
"","src/mts-quote/components/crm/quote-builder/DesignCard.tsx","1739","","design","SalesQuoteDesign | undefined","false"
"","src/mts-quote/components/crm/quote-builder/DesignCard.tsx","1740","","productType","string","false"
"","src/mts-quote/components/crm/quote-builder/DesignCard.tsx","1741","","widthIn","number","false"
"","src/mts-quote/components/crm/quote-builder/DesignCard.tsx","1742","","heightIn","number","false"
"","src/mts-quote/components/crm/quote-builder/DesignCard.tsx","1743","","rawSqft","number | null","false"
"","src/mts-quote/components/crm/quote-builder/DesignCard.tsx","1744","","sqft","number | null","false"
"","src/mts-quote/components/crm/quote-builder/DesignCard.tsx","1745","","quantity","number","false"
"","src/mts-quote/components/crm/quote-builder/DesignCard.tsx","1746","","currentRetailPerSqft","number | null","false"
"","src/mts-quote/components/crm/quote-builder/DesignCard.tsx","1984","","application","unknown","false"
"","src/mts-quote/components/crm/quote-builder/DesignCard.tsx","1985","","couplingArrangement","unknown","false"
"","src/mts-quote/components/crm/quote-builder/DesignCard.tsx","1986","","componentCount","unknown","false"
"","src/mts-quote/components/crm/quote-builder/DesignCard.tsx","2109","","optionsJson","Record<string, unknown>","false"
"","src/mts-quote/components/crm/quote-builder/DesignCard.tsx","2110","","liftSystem","string | null","false"
"","src/mts-quote/components/crm/quote-builder/DesignCard.tsx","2111","","motorType","string | null","false"
"","src/mts-quote/components/crm/quote-builder/DesignCard.tsx","2112","","powerChanged","boolean","false"
"","src/mts-quote/components/crm/quote-builder/DesignCard.tsx","2227","","id","string","false"
"","src/mts-quote/components/crm/quote-builder/DesignCard.tsx","2228","","manufacturer","string | null","true"
"","src/mts-quote/components/crm/quote-builder/DesignCard.tsx","2229","","productType","string | null","true"
"","src/mts-quote/components/crm/quote-builder/DesignCard.tsx","2266","","id","string","false"
"","src/mts-quote/components/crm/quote-builder/DesignCard.tsx","2266","","manufacturer","string | null","true"
"","src/mts-quote/components/crm/quote-builder/DesignCard.tsx","2407","","productId","string","false"
"","src/mts-quote/components/crm/quote-builder/DesignCard.tsx","2407","","programId","string | null","false"
"","src/mts-quote/components/crm/quote-builder/DesignCard.tsx","2410","","optionsJson","Record<string, unknown>","false"
"","src/mts-quote/components/crm/quote-builder/DesignCard.tsx","2411","","designFields","Partial<SalesQuoteDesign>","false"
"","src/mts-quote/components/crm/quote-builder/DesignCard.tsx","2788","","mandatory","GridOption[]","false"
"","src/mts-quote/components/crm/quote-builder/DesignCard.tsx","2788","","optional","GridOption[]","false"
"","src/mts-quote/components/crm/quote-builder/DesignCard.tsx","2965","","option","GridOption","false"
"","src/mts-quote/components/crm/quote-builder/DesignCard.tsx","2966","","value","string | null","false"
"","src/mts-quote/components/crm/quote-builder/DesignCard.tsx","2967","","requirement","OptionSlotRequirement","false"
"","src/mts-quote/components/crm/quote-builder/DesignCard.tsx","2968","","isOpen","boolean","false"
"","src/mts-quote/components/crm/quote-builder/DesignCard.tsx","2969","","onToggle","() => void","false"
"","src/mts-quote/components/crm/quote-builder/DesignCard.tsx","2970","","renderSelectedDirect","boolean","true"
"","src/mts-quote/components/crm/quote-builder/DesignCard.tsx","2971","","children","ReactNode","false"
"","src/mts-quote/components/crm/quote-builder/DesignCard.tsx","3048","","mandatoryOptions","GridOption[]","false"
"","src/mts-quote/components/crm/quote-builder/DesignCard.tsx","3049","","optionalOptions","GridOption[]","false"
"","src/mts-quote/components/crm/quote-builder/DesignCard.tsx","3050","","renderSlot","(option: GridOption, requirement: OptionSlotRequirement) => ReactNode","false"
"","src/mts-quote/components/crm/quote-builder/DesignCard.tsx","3069","ConfirmedOptionItem","option","GridOption","false"
"","src/mts-quote/components/crm/quote-builder/DesignCard.tsx","3070","ConfirmedOptionItem","value","string","false"
"","src/mts-quote/components/crm/quote-builder/DesignCard.tsx","3083","","mandatory","GridOption[]","false"
"","src/mts-quote/components/crm/quote-builder/DesignCard.tsx","3083","","optional","GridOption[]","false"
"","src/mts-quote/components/crm/quote-builder/DesignCard.tsx","3086","","mandatory","GridOption[]","false"
"","src/mts-quote/components/crm/quote-builder/DesignCard.tsx","3086","","optional","GridOption[]","false"
"","src/mts-quote/components/crm/quote-builder/DesignCard.tsx","3101","","items","ConfirmedOptionItem[]","false"
"","src/mts-quote/components/crm/quote-builder/DesignCard.tsx","3102","","editingField","string | null","false"
"","src/mts-quote/components/crm/quote-builder/DesignCard.tsx","3103","","onReset","(field: string) => void","false"
"","src/mts-quote/components/crm/quote-builder/DesignCard.tsx","3149","","productType","string","false"
"","src/mts-quote/components/crm/quote-builder/DesignCard.tsx","3150","","onChangeProductType","(productType: string) => void","true"
"","src/mts-quote/components/crm/quote-builder/DesignCard.tsx","3258","","productType","string","false"
"","src/mts-quote/components/crm/quote-builder/DesignCard.tsx","3259","","design","SalesQuoteDesign | undefined","false"
"","src/mts-quote/components/crm/quote-builder/DesignCard.tsx","3260","","width","number | null","true"
"","src/mts-quote/components/crm/quote-builder/DesignCard.tsx","3261","","onUpdate","(field: string, value: unknown) => void","false"
"","src/mts-quote/components/crm/quote-builder/DesignCard.tsx","3408","","value","string | null | undefined","false"
"","src/mts-quote/components/crm/quote-builder/DesignCard.tsx","3409","","onCommit","(value: string) => void","false"
"","src/mts-quote/components/crm/quote-builder/DesignCard.tsx","3410","","placeholder","string","true"
"","src/mts-quote/components/crm/quote-builder/DesignCard.tsx","3411","","className","string","true"
"","src/mts-quote/components/crm/quote-builder/DesignCard.tsx","3412","","autoFocus","boolean","true"
"","src/mts-quote/components/crm/quote-builder/DesignCard.tsx","3457","","value","number | string | null | undefined","false"
"","src/mts-quote/components/crm/quote-builder/DesignCard.tsx","3458","","label","string","true"
"","src/mts-quote/components/crm/quote-builder/DesignCard.tsx","3459","","onCommit","(value: number) => void","false"
"","src/mts-quote/components/crm/quote-builder/DesignCard.tsx","3460","","onClear","() => void","true"
"","src/mts-quote/components/crm/quote-builder/DesignCard.tsx","3461","","commitOnChange","boolean","true"
"","src/mts-quote/components/crm/quote-builder/DesignCard.tsx","3462","","placeholder","string","true"
"","src/mts-quote/components/crm/quote-builder/DesignCard.tsx","3463","","className","string","true"
"","src/mts-quote/components/crm/quote-builder/DesignCard.tsx","3464","","step","string","true"
"","src/mts-quote/components/crm/quote-builder/DesignCard.tsx","3465","","min","number","true"
"","src/mts-quote/components/crm/quote-builder/DesignCard.tsx","3466","","max","number","true"
"","src/mts-quote/components/crm/quote-builder/DesignCard.tsx","4090","","label","string","false"
"","src/mts-quote/components/crm/quote-builder/DesignCard.tsx","4091","","options","readonly string[]","false"
"","src/mts-quote/components/crm/quote-builder/DesignCard.tsx","4092","","value","string | null","false"
"","src/mts-quote/components/crm/quote-builder/DesignCard.tsx","4093","","onChange","(v: string) => void","false"
"","src/mts-quote/components/crm/quote-builder/DesignCard.tsx","4094","","hideLabel","boolean","true"
"","src/mts-quote/components/crm/quote-builder/DesignCard.tsx","4134","","label","string","false"
"","src/mts-quote/components/crm/quote-builder/DesignCard.tsx","4135","","options","readonly string[]","false"
"","src/mts-quote/components/crm/quote-builder/DesignCard.tsx","4136","","value","string | null","false"
"","src/mts-quote/components/crm/quote-builder/DesignCard.tsx","4137","","onChange","(v: string) => void","false"
"","src/mts-quote/components/crm/quote-builder/DesignCard.tsx","4138","","grouped","GridSelectGroup[]","true"
"","src/mts-quote/components/crm/quote-builder/DesignCard.tsx","4139","","hideLabel","boolean","true"
"","src/mts-quote/components/crm/quote-builder/DesignCard.tsx","4180","","label","string","false"
"","src/mts-quote/components/crm/quote-builder/DesignCard.tsx","4180","","value","string|null","false"
"","src/mts-quote/components/crm/quote-builder/DesignCard.tsx","4180","","onChange","(value:string|null)=>void","false"
"","src/mts-quote/components/crm/quote-builder/DesignCard.tsx","4180","","placeholder","string","true"
"","src/mts-quote/components/crm/quote-builder/DesignCard.tsx","4199","","label","string","false"
"","src/mts-quote/components/crm/quote-builder/DesignCard.tsx","4200","","value","string | null","false"
"","src/mts-quote/components/crm/quote-builder/DesignCard.tsx","4201","","onChange","(value: number) => void","false"
"","src/mts-quote/components/crm/quote-builder/DesignCard.tsx","4202","","onClear","() => void","true"
"","src/mts-quote/components/crm/quote-builder/DesignCard.tsx","4203","","min","number","true"
"","src/mts-quote/components/crm/quote-builder/DesignCard.tsx","4204","","max","number","true"
"","src/mts-quote/components/crm/quote-builder/DesignCard.tsx","4205","","step","string","true"
"","src/mts-quote/components/crm/quote-builder/DesignCard.tsx","4206","","placeholder","string","true"
"","src/mts-quote/components/crm/quote-builder/DesignCard.tsx","4207","","unit","string","true"
"","src/mts-quote/components/crm/quote-builder/DesignCard.tsx","4208","","hideLabel","boolean","true"
"","src/mts-quote/components/crm/quote-builder/DesignCard.tsx","4257","","value","string | null","false"
"","src/mts-quote/components/crm/quote-builder/DesignCard.tsx","4258","","options","readonly SideBySideLineOption[]","false"
"","src/mts-quote/components/crm/quote-builder/DesignCard.tsx","4259","","onChange","(lineId: string | null) => void","false"
"","src/mts-quote/components/crm/quote-builder/DesignCard.tsx","4342","","value","string | null","false"
"","src/mts-quote/components/crm/quote-builder/DesignCard.tsx","4343","","optionsJson","Record<string, unknown>","false"
"","src/mts-quote/components/crm/quote-builder/DesignCard.tsx","4344","","onSelect","(fabricColor: MtsRollerFabricColor) => void","false"
"","src/mts-quote/components/crm/quote-builder/DesignCard.tsx","4345","","onClear","() => void","false"
"","src/mts-quote/components/crm/quote-builder/DesignCard.tsx","4346","","metadataKeys","FabricMetadataKeys","true"
"","src/mts-quote/components/crm/quote-builder/DesignCard.tsx","4347","","allowedCollections","readonly string[]","true"
"","src/mts-quote/components/crm/quote-builder/DesignCard.tsx","4348","","allowedColorCodes","readonly string[]","true"
"","src/mts-quote/components/crm/quote-builder/DesignCard.tsx","4349","","hideLabel","boolean","true"
"","src/mts-quote/components/crm/quote-builder/DesignCard.tsx","4350","","mobilePresentation","boolean","true"
"","src/mts-quote/components/crm/quote-builder/DesignCard.tsx","4407","","source","MtsRollerFabricColor","false"
"","src/mts-quote/components/crm/quote-builder/DesignCard.tsx","4543","","productType","string","false"
"","src/mts-quote/components/crm/quote-builder/DesignCard.tsx","4544","","field","string","false"
"","src/mts-quote/components/crm/quote-builder/DesignCard.tsx","4545","","value","string | null","false"
"","src/mts-quote/components/crm/quote-builder/DesignCard.tsx","4546","","optionsJson","Record<string, unknown>","false"
"","src/mts-quote/components/crm/quote-builder/DesignCard.tsx","4547","","onSelect","(fabricColor: ProductColorOption) => void","false"
"","src/mts-quote/components/crm/quote-builder/DesignCard.tsx","4548","","onClear","() => void","false"
"","src/mts-quote/components/crm/quote-builder/DesignCard.tsx","4549","","metadataKeys","FabricMetadataKeys","true"
"","src/mts-quote/components/crm/quote-builder/DesignCard.tsx","4550","","allowedCollections","readonly string[]","true"
"","src/mts-quote/components/crm/quote-builder/DesignCard.tsx","4551","","hideLabel","boolean","true"
"","src/mts-quote/components/crm/quote-builder/DesignCard.tsx","4552","","mobilePresentation","boolean","true"
"","src/mts-quote/components/crm/quote-builder/DesignCard.tsx","4624","","source","ProductColorOption","false"
"","src/mts-quote/components/crm/quote-builder/DesignCard.tsx","4742","","label","string","false"
"","src/mts-quote/components/crm/quote-builder/DesignCard.tsx","4743","","value","string | null","false"
"","src/mts-quote/components/crm/quote-builder/DesignCard.tsx","4744","","onChange","(v: string) => void","false"
"","src/mts-quote/components/crm/quote-builder/DesignCard.tsx","4745","","noFirst","boolean","true"
"","src/mts-quote/components/crm/quote-builder/DesignCard.tsx","4746","","hideLabel","boolean","true"
"","src/mts-quote/components/crm/quote-builder/DesignCard.tsx","6296","","productType","string","false"
"","src/mts-quote/components/crm/quote-builder/DesignCard.tsx","6297","","design","SalesQuoteDesign | undefined","false"
"","src/mts-quote/components/crm/quote-builder/DesignCard.tsx","6298","","manufacturerStamp","ReturnType<typeof resolveManufacturerStamp>","false"
"","src/mts-quote/components/crm/quote-builder/DesignCard.tsx","6299","","onUpdateFields","(fields: Partial<SalesQuoteDesign>) => void","false"
"","src/mts-quote/components/crm/quote-builder/DesignCard.tsx","6300","","catalogProducts","QuoteLabCatalogProduct[]","true"
"","src/mts-quote/components/crm/quote-builder/DesignCard.tsx","6519","","productType","string","false"
"","src/mts-quote/components/crm/quote-builder/DesignCard.tsx","6520","","lineItem","SalesQuoteLineItem","false"
"","src/mts-quote/components/crm/quote-builder/DesignCard.tsx","6521","","design","SalesQuoteDesign | undefined","false"
"","src/mts-quote/components/crm/quote-builder/DesignCard.tsx","6522","","onUpdateFields","(fields: Partial<SalesQuoteDesign>) => void","false"
"","src/mts-quote/components/crm/quote-builder/DesignCard.tsx","6535","","id","string","true"
"","src/mts-quote/components/crm/quote-builder/DesignCard.tsx","6535","","quantity","number","true"
"","src/mts-quote/components/crm/quote-builder/DesignCard.tsx","6703","","productType","string","false"
"","src/mts-quote/components/crm/quote-builder/DesignCard.tsx","6704","","products","QuoteLabCatalogProduct[]","false"
"","src/mts-quote/components/crm/quote-builder/DesignCard.tsx","6705","","selectedProductId","string","false"
"","src/mts-quote/components/crm/quote-builder/DesignCard.tsx","6706","","selectedProgramId","string","false"
"","src/mts-quote/components/crm/quote-builder/DesignCard.tsx","6707","","widthInches","number","false"
"","src/mts-quote/components/crm/quote-builder/DesignCard.tsx","6708","","heightInches","number","false"
"","src/mts-quote/components/crm/quote-builder/DesignCard.tsx","6709","","quantity","number","false"
"","src/mts-quote/components/crm/quote-builder/DesignCard.tsx","6710","","onChoose","(productId: string, programId: string) => void","false"
"","src/mts-quote/components/crm/quote-builder/DesignCard.tsx","6818","","design","SalesQuoteDesign | undefined","false"
"","src/mts-quote/components/crm/quote-builder/DesignCard.tsx","6819","","displayedUnitPrice","number","false"
"","src/mts-quote/components/crm/quote-builder/DesignCard.tsx","6820","","activeVariant","string","false"
"","src/mts-quote/components/crm/quote-builder/DesignCard.tsx","6821","","productType","string","false"
"","src/mts-quote/components/crm/quote-builder/DesignCard.tsx","6822","","onUpdate","(field: string, value: unknown) => void","false"
"","src/mts-quote/components/crm/quote-builder/DesignCard.tsx","6823","","onUpdateFields","(fields: Partial<SalesQuoteDesign>) => void","false"
"","src/mts-quote/components/crm/quote-builder/DesignCard.tsx","6824","","authoritativeV2","boolean","false"
"","src/mts-quote/components/crm/quote-builder/DesignCard.tsx","7279","","design","SalesQuoteDesign | undefined","false"
"","src/mts-quote/components/crm/quote-builder/DesignCard.tsx","7280","","onUpdate","(field: string, value: unknown) => void","false"
"","src/mts-quote/components/crm/quote-builder/DesignCard.tsx","7338","","design","SalesQuoteDesign | undefined","false"
"","src/mts-quote/components/crm/quote-builder/DesignCard.tsx","7339","","onUpdate","(field: string, value: unknown) => void","false"
"","src/mts-quote/components/crm/quote-builder/DesignCard.tsx","7340","","handleUpdate","(field: string, value: unknown) => void","false"
"","src/mts-quote/components/crm/quote-builder/DesignCard.tsx","7346","TrackedStep","key","string","false"
"","src/mts-quote/components/crm/quote-builder/DesignCard.tsx","7347","TrackedStep","label","string","false"
"","src/mts-quote/components/crm/quote-builder/DesignCard.tsx","7348","TrackedStep","field","string","false"
"","src/mts-quote/components/crm/quote-builder/DesignCard.tsx","7349","TrackedStep","options","readonly string[]","false"
"","src/mts-quote/components/crm/quote-builder/DesignCard.tsx","7481","","steps","{ key: string; label: string; field: string }[]","false"
"","src/mts-quote/components/crm/quote-builder/DesignCard.tsx","7481","","key","string","false"
"","src/mts-quote/components/crm/quote-builder/DesignCard.tsx","7481","","label","string","false"
"","src/mts-quote/components/crm/quote-builder/DesignCard.tsx","7481","","field","string","false"
"","src/mts-quote/components/crm/quote-builder/DesignCard.tsx","7482","","design","SalesQuoteDesign | undefined","false"
"","src/mts-quote/components/crm/quote-builder/DesignCard.tsx","7483","","onClear","(field: string, value: unknown) => void","false"
"","src/mts-quote/components/crm/quote-builder/DesignCard.tsx","7510","","step","{ label: string; options: readonly string[] }","false"
"","src/mts-quote/components/crm/quote-builder/DesignCard.tsx","7510","","label","string","false"
"","src/mts-quote/components/crm/quote-builder/DesignCard.tsx","7510","","options","readonly string[]","false"
"","src/mts-quote/components/crm/quote-builder/DesignCard.tsx","7511","","onSelect","(v: string) => void","false"
"","src/mts-quote/components/crm/quote-builder/DesignCard.tsx","7539","","design","SalesQuoteDesign | undefined","false"
"","src/mts-quote/components/crm/quote-builder/DesignCard.tsx","7540","","productId","string","false"
"","src/mts-quote/components/crm/quote-builder/DesignCard.tsx","7541","","onUpdateFields","(fields: Partial<SalesQuoteDesign>) => void","false"
"","src/mts-quote/components/crm/quote-builder/DesignCard.tsx","7976","","design","SalesQuoteDesign | undefined","false"
"","src/mts-quote/components/crm/quote-builder/DesignCard.tsx","7977","","productId","string","false"
"","src/mts-quote/components/crm/quote-builder/DesignCard.tsx","7978","","widthInches","number","false"
"","src/mts-quote/components/crm/quote-builder/DesignCard.tsx","7979","","onUpdateFields","(fields: Partial<SalesQuoteDesign>) => void","false"
"","src/mts-quote/components/crm/quote-builder/DesignCard.tsx","8041","","id","string","false"
"","src/mts-quote/components/crm/quote-builder/DesignCard.tsx","8041","","quantity","number","false"
"","src/mts-quote/components/crm/quote-builder/DesignCard.tsx","8442","","design","SalesQuoteDesign | undefined","false"
"","src/mts-quote/components/crm/quote-builder/DesignCard.tsx","8443","","productId","string","false"
"","src/mts-quote/components/crm/quote-builder/DesignCard.tsx","8444","","onUpdateFields","(fields: Partial<SalesQuoteDesign>) => void","false"
"","src/mts-quote/components/crm/quote-builder/DesignCard.tsx","8692","","design","SalesQuoteDesign | undefined","false"
"","src/mts-quote/components/crm/quote-builder/DesignCard.tsx","8693","","productType","string","false"
"","src/mts-quote/components/crm/quote-builder/DesignCard.tsx","8694","","lineItem","SalesQuoteLineItem","false"
"","src/mts-quote/components/crm/quote-builder/DesignCard.tsx","8695","","onUpdate","(field: string, value: unknown) => void","false"
"","src/mts-quote/components/crm/quote-builder/DesignCard.tsx","8696","","onUpdateFields","(fields: Partial<SalesQuoteDesign>) => void","false"
"","src/mts-quote/components/crm/quote-builder/DesignCard.tsx","8697","","authoritativeV2","boolean","false"
"","src/mts-quote/components/crm/quote-builder/DesignCard.tsx","8698","","sideBySideLineOptions","readonly SideBySideLineOption[]","false"
"","src/mts-quote/components/crm/quote-builder/DesignCard.tsx","8699","","onSideBySidePairChange","( lineId: string | null, position?: string | null, ) => void","false"
"","src/mts-quote/components/crm/quote-builder/DesignCard.tsx","8703","","onClearSideBySidePartner","() => void","false"
"","src/mts-quote/components/crm/quote-builder/DesignCard.tsx","10520","","gaps","number[]","true"
"","src/mts-quote/components/crm/quote-builder/DesignCard.tsx","11835","","gaps","number[]","true"
"","src/mts-quote/components/crm/quote-builder/DesignCard.tsx","13024","","shapes","SpecialtyShape[]","false"
"","src/mts-quote/components/crm/quote-builder/DesignCard.tsx","13025","","categories","readonly string[]","false"
"","src/mts-quote/components/crm/quote-builder/DesignCard.tsx","13026","","onSelect","(label: string) => void","false"
