url,location,exact_claim,action
https://www.805shutters.com/,page text,"Custom Shutters, Blinds, Shades & Drapery Ventura County | 805 Shutters Ask about our in-house payment plan Learn more 805 Commercial Calendar About Us 805 SHUTTERS Calendar 805@805shutters.com 805-806-9344 CALL   •   TEXT   •   EMAIL Blinds Faux Wood Premium Wood Vertical Blinds Aluminum Blinds • Shades Roller Shades Honeycomb Shades Room Darkening Layered Shades Roman Shades Natural Shades Bamboo Shades Sheer Shades • Drapery Ripplefold Drapery Pinch Pleat Drapery French Pleat Drapery Grommet Drapery Rod Pocket Drapery Goblet Pleat Drapery Inverted Box Pleat Drapery • Shutters Premium Stained Wood Painted Wood Poly Composite MDF Composite • Exterior Shades Motorized Patio Non Motorized Patio 805 Shutters Book a Consultation Blinds Shades Drapery Shutters Exterior Shades Financing Reviews Gallery About FAQ Contact Official Contact 805 Commercial 805-806-9344 805@805shutters.com Custom Shutters, Shades & Blinds — Proudly Serving Ventura County for 30 Years Book your Free In-home Consultation Recent Work Recent shutters and shades from Ventura County homes Shades Patterned Roller Shades Blinds Tall Window Blinds Shutters Recent Bedroom Plantation Shutters Shutters Bay Window Shutters Shades Living Room Roller Shades Shades Bedroom Roller Shades Shutters Patio Door Plantation Shutters Shutters Recent Arched Window Shutters Shutters Two-Story Arch Shutters Shades Solar Roller Shade Detail Shutters Recent Dining Room Plantation Shutters Shutters Arched Window Shutters Shades Motorized Roller Shades About Us Locally owned and family operated, right here in Ventura County.",unchanged; year/experience unconfirmed
https://www.805shutters.com/,page text,"For more than 30 years, homeowners and businesses across Ventura County have trusted us for custom shutters, shades, and blinds — measured, sold, and installed by a local team, never a national call center.",unchanged; year/experience unconfirmed
https://www.805shutters.com/,JSON-LD[0] $.@graph[0].description,"805 Shutters is a family-owned local window treatment company serving Ventura County and nearby communities with more than 30 years of custom shutters, shades, blinds, commercial roller shades, and window covering experience.",unchanged; year/experience unconfirmed
https://www.805shutters.com/,JSON-LD[0] $.@graph[0].foundingDate,1995,unchanged; year/experience unconfirmed
https://www.805shutters.com/shutters/,JSON-LD[0] $.@graph[0].description,"805 Shutters is a family-owned local window treatment company serving Ventura County and nearby communities with more than 30 years of custom shutters, shades, blinds, commercial roller shades, and window covering experience.",unchanged; year/experience unconfirmed
https://www.805shutters.com/shutters/,JSON-LD[0] $.@graph[0].foundingDate,1995,unchanged; year/experience unconfirmed
https://www.805shutters.com/shades/,JSON-LD[0] $.@graph[0].description,"805 Shutters is a family-owned local window treatment company serving Ventura County and nearby communities with more than 30 years of custom shutters, shades, blinds, commercial roller shades, and window covering experience.",unchanged; year/experience unconfirmed
https://www.805shutters.com/shades/,JSON-LD[0] $.@graph[0].foundingDate,1995,unchanged; year/experience unconfirmed
https://www.805shutters.com/blinds/,JSON-LD[0] $.@graph[0].description,"805 Shutters is a family-owned local window treatment company serving Ventura County and nearby communities with more than 30 years of custom shutters, shades, blinds, commercial roller shades, and window covering experience.",unchanged; year/experience unconfirmed
https://www.805shutters.com/blinds/,JSON-LD[0] $.@graph[0].foundingDate,1995,unchanged; year/experience unconfirmed
https://www.805shutters.com/drapery/,JSON-LD[0] $.@graph[0].description,"805 Shutters is a family-owned local window treatment company serving Ventura County and nearby communities with more than 30 years of custom shutters, shades, blinds, commercial roller shades, and window covering experience.",unchanged; year/experience unconfirmed
https://www.805shutters.com/drapery/,JSON-LD[0] $.@graph[0].foundingDate,1995,unchanged; year/experience unconfirmed
https://www.805shutters.com/exterior-shades/,JSON-LD[0] $.@graph[0].description,"805 Shutters is a family-owned local window treatment company serving Ventura County and nearby communities with more than 30 years of custom shutters, shades, blinds, commercial roller shades, and window covering experience.",unchanged; year/experience unconfirmed
https://www.805shutters.com/exterior-shades/,JSON-LD[0] $.@graph[0].foundingDate,1995,unchanged; year/experience unconfirmed
https://www.805shutters.com/window-treatments/,JSON-LD[0] $.@graph[0].description,"805 Shutters is a family-owned local window treatment company serving Ventura County and nearby communities with more than 30 years of custom shutters, shades, blinds, commercial roller shades, and window covering experience.",unchanged; year/experience unconfirmed
https://www.805shutters.com/window-treatments/,JSON-LD[0] $.@graph[0].foundingDate,1995,unchanged; year/experience unconfirmed
https://www.805shutters.com/window-coverings/,JSON-LD[0] $.@graph[0].description,"805 Shutters is a family-owned local window treatment company serving Ventura County and nearby communities with more than 30 years of custom shutters, shades, blinds, commercial roller shades, and window covering experience.",unchanged; year/experience unconfirmed
https://www.805shutters.com/window-coverings/,JSON-LD[0] $.@graph[0].foundingDate,1995,unchanged; year/experience unconfirmed
https://www.805shutters.com/commercial-window-coverings/,page text,"Book a commercial shade audit Call  805-806-9344 30+ years local experience Ventura County commercial measuring and installation Schools, campuses, and public facilities Office buildings, suites, and tenant improvements Warehouses, flex spaces, and industrial parks Storefronts, retail spaces, lobbies, and showrooms Local Ventura County measuring and installation Commercial services Commercial Window Covering Services Commercial Roller Shades Clean roller-shade systems for small offices, storefronts, warehouse offices, tenant improvements, schools, and shared spaces.",unchanged; year/experience unconfirmed
https://www.805shutters.com/commercial-window-coverings/,JSON-LD[0] $.@graph[0].description,"805 Shutters is a family-owned local window treatment company serving Ventura County and nearby communities with more than 30 years of custom shutters, shades, blinds, commercial roller shades, and window covering experience.",unchanged; year/experience unconfirmed
https://www.805shutters.com/commercial-window-coverings/,JSON-LD[0] $.@graph[0].foundingDate,1995,unchanged; year/experience unconfirmed
https://www.805shutters.com/commercial-roller-shades/,JSON-LD[0] $.@graph[0].description,"805 Shutters is a family-owned local window treatment company serving Ventura County and nearby communities with more than 30 years of custom shutters, shades, blinds, commercial roller shades, and window covering experience.",unchanged; year/experience unconfirmed
https://www.805shutters.com/commercial-roller-shades/,JSON-LD[0] $.@graph[0].foundingDate,1995,unchanged; year/experience unconfirmed
https://www.805shutters.com/about/,page text,"For more than 30 years, homeowners and businesses have trusted us for custom shutters, shades, blinds, commercial roller shades, and window coverings installed with personal service.",unchanged; year/experience unconfirmed
https://www.805shutters.com/about/,JSON-LD[0] $.@graph[0].description,"805 Shutters is a family-owned local window treatment company serving Ventura County and nearby communities with more than 30 years of custom shutters, shades, blinds, commercial roller shades, and window covering experience.",unchanged; year/experience unconfirmed
https://www.805shutters.com/about/,JSON-LD[0] $.@graph[0].foundingDate,1995,unchanged; year/experience unconfirmed
https://www.805shutters.com/contact/,JSON-LD[0] $.@graph[0].description,"805 Shutters is a family-owned local window treatment company serving Ventura County and nearby communities with more than 30 years of custom shutters, shades, blinds, commercial roller shades, and window covering experience.",unchanged; year/experience unconfirmed
https://www.805shutters.com/contact/,JSON-LD[0] $.@graph[0].foundingDate,1995,unchanged; year/experience unconfirmed
https://www.805shutters.com/free-window-treatment-consultation/,page text,Request Consultation Call  805-806-9344 Family-owned Ventura County company 30+ years local experience Yelp reviews Free in-home consultation Start here Tell us what you want to update.,unchanged; year/experience unconfirmed
https://www.805shutters.com/free-window-treatment-consultation/,JSON-LD[0] $.@graph[0].description,"805 Shutters is a family-owned local window treatment company serving Ventura County and nearby communities with more than 30 years of custom shutters, shades, blinds, commercial roller shades, and window covering experience.",unchanged; year/experience unconfirmed
https://www.805shutters.com/free-window-treatment-consultation/,JSON-LD[0] $.@graph[0].foundingDate,1995,unchanged; year/experience unconfirmed
https://www.805shutters.com/financing/,JSON-LD[0] $.@graph[0].description,"805 Shutters is a family-owned local window treatment company serving Ventura County and nearby communities with more than 30 years of custom shutters, shades, blinds, commercial roller shades, and window covering experience.",unchanged; year/experience unconfirmed
https://www.805shutters.com/financing/,JSON-LD[0] $.@graph[0].foundingDate,1995,unchanged; year/experience unconfirmed
https://www.805shutters.com/faq/,JSON-LD[0] $.@graph[0].description,"805 Shutters is a family-owned local window treatment company serving Ventura County and nearby communities with more than 30 years of custom shutters, shades, blinds, commercial roller shades, and window covering experience.",unchanged; year/experience unconfirmed
https://www.805shutters.com/faq/,JSON-LD[0] $.@graph[0].foundingDate,1995,unchanged; year/experience unconfirmed
https://www.805shutters.com/gallery/,JSON-LD[0] $.@graph[0].description,"805 Shutters is a family-owned local window treatment company serving Ventura County and nearby communities with more than 30 years of custom shutters, shades, blinds, commercial roller shades, and window covering experience.",unchanged; year/experience unconfirmed
https://www.805shutters.com/gallery/,JSON-LD[0] $.@graph[0].foundingDate,1995,unchanged; year/experience unconfirmed
https://www.805shutters.com/reviews/,page text,805 Shutters Reviews | Ventura County Window Treatments Ask about our in-house payment plan Learn more 805 Commercial Calendar About Us 805 SHUTTERS Calendar 805@805shutters.com 805-806-9344 CALL   •   TEXT   •   EMAIL Blinds • Shades • Drapery • Shutters • Exterior Shades 805 Shutters Book a Consultation Blinds Shades Drapery Shutters Exterior Shades Financing Reviews Gallery About FAQ Contact Official Contact 805 Commercial 805-806-9344 805@805shutters.com Customer proof 805 Shutters Reviews 805 Shutters is a family-owned Ventura County company that has grown for more than 30 years on referrals and repeat customers.,unchanged; year/experience unconfirmed
https://www.805shutters.com/reviews/,JSON-LD[0] $.@graph[0].description,"805 Shutters is a family-owned local window treatment company serving Ventura County and nearby communities with more than 30 years of custom shutters, shades, blinds, commercial roller shades, and window covering experience.",unchanged; year/experience unconfirmed
https://www.805shutters.com/reviews/,JSON-LD[0] $.@graph[0].foundingDate,1995,unchanged; year/experience unconfirmed
https://www.805shutters.com/recent-projects/,JSON-LD[0] $.@graph[0].description,"805 Shutters is a family-owned local window treatment company serving Ventura County and nearby communities with more than 30 years of custom shutters, shades, blinds, commercial roller shades, and window covering experience.",unchanged; year/experience unconfirmed
https://www.805shutters.com/recent-projects/,JSON-LD[0] $.@graph[0].foundingDate,1995,unchanged; year/experience unconfirmed
https://www.805shutters.com/shutters/camarillo/,page text,"Plantation shutters for Camarillo living rooms and dining rooms Bedroom shutters for privacy and room-darkening support Sliding door shutters where access and durability both matter Specialty shutter planning for arches and non-standard windows Local proof and next step 805 Shutters is a family-owned Ventura County window treatment company with more than 30 years of local measuring, product guidance, ordering, and installation experience.",unchanged; year/experience unconfirmed
https://www.805shutters.com/shutters/camarillo/,JSON-LD[0] $.@graph[0].description,"805 Shutters is a family-owned local window treatment company serving Ventura County and nearby communities with more than 30 years of custom shutters, shades, blinds, commercial roller shades, and window covering experience.",unchanged; year/experience unconfirmed
https://www.805shutters.com/shutters/camarillo/,JSON-LD[0] $.@graph[0].foundingDate,1995,unchanged; year/experience unconfirmed
https://www.805shutters.com/shades/camarillo-ca/,page text,"Roller shades for large Camarillo windows and patio doors Room-darkening shades for bedrooms and media rooms Honeycomb shades where softness and insulation matter Motorized shades for tall, repeated, or hard-to-reach openings Local proof and next step 805 Shutters is a family-owned Ventura County window treatment company with more than 30 years of local measuring, product guidance, ordering, and installation experience.",unchanged; year/experience unconfirmed
https://www.805shutters.com/shades/camarillo-ca/,JSON-LD[0] $.@graph[0].description,"805 Shutters is a family-owned local window treatment company serving Ventura County and nearby communities with more than 30 years of custom shutters, shades, blinds, commercial roller shades, and window covering experience.",unchanged; year/experience unconfirmed
https://www.805shutters.com/shades/camarillo-ca/,JSON-LD[0] $.@graph[0].foundingDate,1995,unchanged; year/experience unconfirmed
https://www.805shutters.com/blinds/camarillo-ca/,page text,"Wood and faux wood blinds for Camarillo bedrooms and offices Vertical blinds for sliding doors and wide openings Durable blind replacements for rentals or business spaces Aluminum blinds where simple light control is the priority Local proof and next step 805 Shutters is a family-owned Ventura County window treatment company with more than 30 years of local measuring, product guidance, ordering, and installation experience.",unchanged; year/experience unconfirmed
https://www.805shutters.com/blinds/camarillo-ca/,JSON-LD[0] $.@graph[0].description,"805 Shutters is a family-owned local window treatment company serving Ventura County and nearby communities with more than 30 years of custom shutters, shades, blinds, commercial roller shades, and window covering experience.",unchanged; year/experience unconfirmed
https://www.805shutters.com/blinds/camarillo-ca/,JSON-LD[0] $.@graph[0].foundingDate,1995,unchanged; year/experience unconfirmed
https://www.805shutters.com/drapery/camarillo-ca/,JSON-LD[0] $.@graph[0].description,"805 Shutters is a family-owned local window treatment company serving Ventura County and nearby communities with more than 30 years of custom shutters, shades, blinds, commercial roller shades, and window covering experience.",unchanged; year/experience unconfirmed
https://www.805shutters.com/drapery/camarillo-ca/,JSON-LD[0] $.@graph[0].foundingDate,1995,unchanged; year/experience unconfirmed
https://www.805shutters.com/window-coverings/camarillo-ca/,JSON-LD[0] $.@graph[0].description,"805 Shutters is a family-owned local window treatment company serving Ventura County and nearby communities with more than 30 years of custom shutters, shades, blinds, commercial roller shades, and window covering experience.",unchanged; year/experience unconfirmed
https://www.805shutters.com/window-coverings/camarillo-ca/,JSON-LD[0] $.@graph[0].foundingDate,1995,unchanged; year/experience unconfirmed
https://www.805shutters.com/window-treatments/camarillo-ca/,page text,"Whole-home window treatment planning in Camarillo Bedrooms that need privacy or room-darkening support Living rooms and patio doors with bright light or glare Homes and offices comparing several products in one visit Local proof and next step 805 Shutters is a family-owned Ventura County window treatment company with more than 30 years of local measuring, product guidance, ordering, and installation experience.",unchanged; year/experience unconfirmed
https://www.805shutters.com/window-treatments/camarillo-ca/,JSON-LD[0] $.@graph[0].description,"805 Shutters is a family-owned local window treatment company serving Ventura County and nearby communities with more than 30 years of custom shutters, shades, blinds, commercial roller shades, and window covering experience.",unchanged; year/experience unconfirmed
https://www.805shutters.com/window-treatments/camarillo-ca/,JSON-LD[0] $.@graph[0].foundingDate,1995,unchanged; year/experience unconfirmed
https://www.805shutters.com/shutters/fillmore/,JSON-LD[0] $.@graph[0].description,"805 Shutters is a family-owned local window treatment company serving Ventura County and nearby communities with more than 30 years of custom shutters, shades, blinds, commercial roller shades, and window covering experience.",unchanged; year/experience unconfirmed
https://www.805shutters.com/shutters/fillmore/,JSON-LD[0] $.@graph[0].foundingDate,1995,unchanged; year/experience unconfirmed
https://www.805shutters.com/shades/fillmore-ca/,JSON-LD[0] $.@graph[0].description,"805 Shutters is a family-owned local window treatment company serving Ventura County and nearby communities with more than 30 years of custom shutters, shades, blinds, commercial roller shades, and window covering experience.",unchanged; year/experience unconfirmed
https://www.805shutters.com/shades/fillmore-ca/,JSON-LD[0] $.@graph[0].foundingDate,1995,unchanged; year/experience unconfirmed
https://www.805shutters.com/blinds/fillmore-ca/,JSON-LD[0] $.@graph[0].description,"805 Shutters is a family-owned local window treatment company serving Ventura County and nearby communities with more than 30 years of custom shutters, shades, blinds, commercial roller shades, and window covering experience.",unchanged; year/experience unconfirmed
https://www.805shutters.com/blinds/fillmore-ca/,JSON-LD[0] $.@graph[0].foundingDate,1995,unchanged; year/experience unconfirmed
https://www.805shutters.com/drapery/fillmore-ca/,JSON-LD[0] $.@graph[0].description,"805 Shutters is a family-owned local window treatment company serving Ventura County and nearby communities with more than 30 years of custom shutters, shades, blinds, commercial roller shades, and window covering experience.",unchanged; year/experience unconfirmed
https://www.805shutters.com/drapery/fillmore-ca/,JSON-LD[0] $.@graph[0].foundingDate,1995,unchanged; year/experience unconfirmed
https://www.805shutters.com/window-coverings/fillmore-ca/,JSON-LD[0] $.@graph[0].description,"805 Shutters is a family-owned local window treatment company serving Ventura County and nearby communities with more than 30 years of custom shutters, shades, blinds, commercial roller shades, and window covering experience.",unchanged; year/experience unconfirmed
https://www.805shutters.com/window-coverings/fillmore-ca/,JSON-LD[0] $.@graph[0].foundingDate,1995,unchanged; year/experience unconfirmed
https://www.805shutters.com/window-treatments/fillmore-ca/,JSON-LD[0] $.@graph[0].description,"805 Shutters is a family-owned local window treatment company serving Ventura County and nearby communities with more than 30 years of custom shutters, shades, blinds, commercial roller shades, and window covering experience.",unchanged; year/experience unconfirmed
https://www.805shutters.com/window-treatments/fillmore-ca/,JSON-LD[0] $.@graph[0].foundingDate,1995,unchanged; year/experience unconfirmed
https://www.805shutters.com/shutters/moorpark/,JSON-LD[0] $.@graph[0].description,"805 Shutters is a family-owned local window treatment company serving Ventura County and nearby communities with more than 30 years of custom shutters, shades, blinds, commercial roller shades, and window covering experience.",unchanged; year/experience unconfirmed
https://www.805shutters.com/shutters/moorpark/,JSON-LD[0] $.@graph[0].foundingDate,1995,unchanged; year/experience unconfirmed
https://www.805shutters.com/shades/moorpark-ca/,JSON-LD[0] $.@graph[0].description,"805 Shutters is a family-owned local window treatment company serving Ventura County and nearby communities with more than 30 years of custom shutters, shades, blinds, commercial roller shades, and window covering experience.",unchanged; year/experience unconfirmed
https://www.805shutters.com/shades/moorpark-ca/,JSON-LD[0] $.@graph[0].foundingDate,1995,unchanged; year/experience unconfirmed
https://www.805shutters.com/blinds/moorpark-ca/,JSON-LD[0] $.@graph[0].description,"805 Shutters is a family-owned local window treatment company serving Ventura County and nearby communities with more than 30 years of custom shutters, shades, blinds, commercial roller shades, and window covering experience.",unchanged; year/experience unconfirmed
https://www.805shutters.com/blinds/moorpark-ca/,JSON-LD[0] $.@graph[0].foundingDate,1995,unchanged; year/experience unconfirmed
https://www.805shutters.com/drapery/moorpark-ca/,JSON-LD[0] $.@graph[0].description,"805 Shutters is a family-owned local window treatment company serving Ventura County and nearby communities with more than 30 years of custom shutters, shades, blinds, commercial roller shades, and window covering experience.",unchanged; year/experience unconfirmed
https://www.805shutters.com/drapery/moorpark-ca/,JSON-LD[0] $.@graph[0].foundingDate,1995,unchanged; year/experience unconfirmed
https://www.805shutters.com/window-coverings/moorpark-ca/,JSON-LD[0] $.@graph[0].description,"805 Shutters is a family-owned local window treatment company serving Ventura County and nearby communities with more than 30 years of custom shutters, shades, blinds, commercial roller shades, and window covering experience.",unchanged; year/experience unconfirmed
https://www.805shutters.com/window-coverings/moorpark-ca/,JSON-LD[0] $.@graph[0].foundingDate,1995,unchanged; year/experience unconfirmed
https://www.805shutters.com/window-treatments/moorpark-ca/,JSON-LD[0] $.@graph[0].description,"805 Shutters is a family-owned local window treatment company serving Ventura County and nearby communities with more than 30 years of custom shutters, shades, blinds, commercial roller shades, and window covering experience.",unchanged; year/experience unconfirmed
https://www.805shutters.com/window-treatments/moorpark-ca/,JSON-LD[0] $.@graph[0].foundingDate,1995,unchanged; year/experience unconfirmed
https://www.805shutters.com/shutters/newbury-park/,JSON-LD[0] $.@graph[0].description,"805 Shutters is a family-owned local window treatment company serving Ventura County and nearby communities with more than 30 years of custom shutters, shades, blinds, commercial roller shades, and window covering experience.",unchanged; year/experience unconfirmed
https://www.805shutters.com/shutters/newbury-park/,JSON-LD[0] $.@graph[0].foundingDate,1995,unchanged; year/experience unconfirmed
https://www.805shutters.com/shades/newbury-park-ca/,JSON-LD[0] $.@graph[0].description,"805 Shutters is a family-owned local window treatment company serving Ventura County and nearby communities with more than 30 years of custom shutters, shades, blinds, commercial roller shades, and window covering experience.",unchanged; year/experience unconfirmed
https://www.805shutters.com/shades/newbury-park-ca/,JSON-LD[0] $.@graph[0].foundingDate,1995,unchanged; year/experience unconfirmed
https://www.805shutters.com/blinds/newbury-park-ca/,JSON-LD[0] $.@graph[0].description,"805 Shutters is a family-owned local window treatment company serving Ventura County and nearby communities with more than 30 years of custom shutters, shades, blinds, commercial roller shades, and window covering experience.",unchanged; year/experience unconfirmed
https://www.805shutters.com/blinds/newbury-park-ca/,JSON-LD[0] $.@graph[0].foundingDate,1995,unchanged; year/experience unconfirmed
https://www.805shutters.com/drapery/newbury-park-ca/,JSON-LD[0] $.@graph[0].description,"805 Shutters is a family-owned local window treatment company serving Ventura County and nearby communities with more than 30 years of custom shutters, shades, blinds, commercial roller shades, and window covering experience.",unchanged; year/experience unconfirmed
https://www.805shutters.com/drapery/newbury-park-ca/,JSON-LD[0] $.@graph[0].foundingDate,1995,unchanged; year/experience unconfirmed
https://www.805shutters.com/window-coverings/newbury-park-ca/,JSON-LD[0] $.@graph[0].description,"805 Shutters is a family-owned local window treatment company serving Ventura County and nearby communities with more than 30 years of custom shutters, shades, blinds, commercial roller shades, and window covering experience.",unchanged; year/experience unconfirmed
https://www.805shutters.com/window-coverings/newbury-park-ca/,JSON-LD[0] $.@graph[0].foundingDate,1995,unchanged; year/experience unconfirmed
https://www.805shutters.com/window-treatments/newbury-park-ca/,JSON-LD[0] $.@graph[0].description,"805 Shutters is a family-owned local window treatment company serving Ventura County and nearby communities with more than 30 years of custom shutters, shades, blinds, commercial roller shades, and window covering experience.",unchanged; year/experience unconfirmed
https://www.805shutters.com/window-treatments/newbury-park-ca/,JSON-LD[0] $.@graph[0].foundingDate,1995,unchanged; year/experience unconfirmed
https://www.805shutters.com/shutters/oak-park/,JSON-LD[0] $.@graph[0].description,"805 Shutters is a family-owned local window treatment company serving Ventura County and nearby communities with more than 30 years of custom shutters, shades, blinds, commercial roller shades, and window covering experience.",unchanged; year/experience unconfirmed
https://www.805shutters.com/shutters/oak-park/,JSON-LD[0] $.@graph[0].foundingDate,1995,unchanged; year/experience unconfirmed
https://www.805shutters.com/shades/oak-park-ca/,JSON-LD[0] $.@graph[0].description,"805 Shutters is a family-owned local window treatment company serving Ventura County and nearby communities with more than 30 years of custom shutters, shades, blinds, commercial roller shades, and window covering experience.",unchanged; year/experience unconfirmed
https://www.805shutters.com/shades/oak-park-ca/,JSON-LD[0] $.@graph[0].foundingDate,1995,unchanged; year/experience unconfirmed
https://www.805shutters.com/blinds/oak-park-ca/,JSON-LD[0] $.@graph[0].description,"805 Shutters is a family-owned local window treatment company serving Ventura County and nearby communities with more than 30 years of custom shutters, shades, blinds, commercial roller shades, and window covering experience.",unchanged; year/experience unconfirmed
https://www.805shutters.com/blinds/oak-park-ca/,JSON-LD[0] $.@graph[0].foundingDate,1995,unchanged; year/experience unconfirmed
https://www.805shutters.com/drapery/oak-park-ca/,JSON-LD[0] $.@graph[0].description,"805 Shutters is a family-owned local window treatment company serving Ventura County and nearby communities with more than 30 years of custom shutters, shades, blinds, commercial roller shades, and window covering experience.",unchanged; year/experience unconfirmed
https://www.805shutters.com/drapery/oak-park-ca/,JSON-LD[0] $.@graph[0].foundingDate,1995,unchanged; year/experience unconfirmed
https://www.805shutters.com/window-coverings/oak-park-ca/,JSON-LD[0] $.@graph[0].description,"805 Shutters is a family-owned local window treatment company serving Ventura County and nearby communities with more than 30 years of custom shutters, shades, blinds, commercial roller shades, and window covering experience.",unchanged; year/experience unconfirmed
https://www.805shutters.com/window-coverings/oak-park-ca/,JSON-LD[0] $.@graph[0].foundingDate,1995,unchanged; year/experience unconfirmed
https://www.805shutters.com/window-treatments/oak-park-ca/,JSON-LD[0] $.@graph[0].description,"805 Shutters is a family-owned local window treatment company serving Ventura County and nearby communities with more than 30 years of custom shutters, shades, blinds, commercial roller shades, and window covering experience.",unchanged; year/experience unconfirmed
https://www.805shutters.com/window-treatments/oak-park-ca/,JSON-LD[0] $.@graph[0].foundingDate,1995,unchanged; year/experience unconfirmed
https://www.805shutters.com/shutters/ojai/,JSON-LD[0] $.@graph[0].description,"805 Shutters is a family-owned local window treatment company serving Ventura County and nearby communities with more than 30 years of custom shutters, shades, blinds, commercial roller shades, and window covering experience.",unchanged; year/experience unconfirmed
https://www.805shutters.com/shutters/ojai/,JSON-LD[0] $.@graph[0].foundingDate,1995,unchanged; year/experience unconfirmed
https://www.805shutters.com/shades/ojai-ca/,JSON-LD[0] $.@graph[0].description,"805 Shutters is a family-owned local window treatment company serving Ventura County and nearby communities with more than 30 years of custom shutters, shades, blinds, commercial roller shades, and window covering experience.",unchanged; year/experience unconfirmed
https://www.805shutters.com/shades/ojai-ca/,JSON-LD[0] $.@graph[0].foundingDate,1995,unchanged; year/experience unconfirmed
https://www.805shutters.com/blinds/ojai-ca/,JSON-LD[0] $.@graph[0].description,"805 Shutters is a family-owned local window treatment company serving Ventura County and nearby communities with more than 30 years of custom shutters, shades, blinds, commercial roller shades, and window covering experience.",unchanged; year/experience unconfirmed
https://www.805shutters.com/blinds/ojai-ca/,JSON-LD[0] $.@graph[0].foundingDate,1995,unchanged; year/experience unconfirmed
https://www.805shutters.com/drapery/ojai-ca/,JSON-LD[0] $.@graph[0].description,"805 Shutters is a family-owned local window treatment company serving Ventura County and nearby communities with more than 30 years of custom shutters, shades, blinds, commercial roller shades, and window covering experience.",unchanged; year/experience unconfirmed
https://www.805shutters.com/drapery/ojai-ca/,JSON-LD[0] $.@graph[0].foundingDate,1995,unchanged; year/experience unconfirmed
https://www.805shutters.com/window-coverings/ojai-ca/,JSON-LD[0] $.@graph[0].description,"805 Shutters is a family-owned local window treatment company serving Ventura County and nearby communities with more than 30 years of custom shutters, shades, blinds, commercial roller shades, and window covering experience.",unchanged; year/experience unconfirmed
https://www.805shutters.com/window-coverings/ojai-ca/,JSON-LD[0] $.@graph[0].foundingDate,1995,unchanged; year/experience unconfirmed
https://www.805shutters.com/window-treatments/ojai-ca/,JSON-LD[0] $.@graph[0].description,"805 Shutters is a family-owned local window treatment company serving Ventura County and nearby communities with more than 30 years of custom shutters, shades, blinds, commercial roller shades, and window covering experience.",unchanged; year/experience unconfirmed
https://www.805shutters.com/window-treatments/ojai-ca/,JSON-LD[0] $.@graph[0].foundingDate,1995,unchanged; year/experience unconfirmed
https://www.805shutters.com/shutters/oxnard/,page text,"Whole-home shutter updates for repeated windows Bedroom shutters for privacy and room-darkening support Sliding door shutters for access and durability Dining and living room shutters for a finished built-in look Local proof and next step 805 Shutters is a family-owned Ventura County window treatment company with more than 30 years of local measuring, product guidance, ordering, and installation experience.",unchanged; year/experience unconfirmed
https://www.805shutters.com/shutters/oxnard/,JSON-LD[0] $.@graph[0].description,"805 Shutters is a family-owned local window treatment company serving Ventura County and nearby communities with more than 30 years of custom shutters, shades, blinds, commercial roller shades, and window covering experience.",unchanged; year/experience unconfirmed
https://www.805shutters.com/shutters/oxnard/,JSON-LD[0] $.@graph[0].foundingDate,1995,unchanged; year/experience unconfirmed
https://www.805shutters.com/shades/oxnard-ca/,JSON-LD[0] $.@graph[0].description,"805 Shutters is a family-owned local window treatment company serving Ventura County and nearby communities with more than 30 years of custom shutters, shades, blinds, commercial roller shades, and window covering experience.",unchanged; year/experience unconfirmed
https://www.805shutters.com/shades/oxnard-ca/,JSON-LD[0] $.@graph[0].foundingDate,1995,unchanged; year/experience unconfirmed
https://www.805shutters.com/blinds/oxnard-ca/,JSON-LD[0] $.@graph[0].description,"805 Shutters is a family-owned local window treatment company serving Ventura County and nearby communities with more than 30 years of custom shutters, shades, blinds, commercial roller shades, and window covering experience.",unchanged; year/experience unconfirmed
https://www.805shutters.com/blinds/oxnard-ca/,JSON-LD[0] $.@graph[0].foundingDate,1995,unchanged; year/experience unconfirmed
https://www.805shutters.com/drapery/oxnard-ca/,JSON-LD[0] $.@graph[0].description,"805 Shutters is a family-owned local window treatment company serving Ventura County and nearby communities with more than 30 years of custom shutters, shades, blinds, commercial roller shades, and window covering experience.",unchanged; year/experience unconfirmed
https://www.805shutters.com/drapery/oxnard-ca/,JSON-LD[0] $.@graph[0].foundingDate,1995,unchanged; year/experience unconfirmed
https://www.805shutters.com/window-coverings/oxnard-ca/,JSON-LD[0] $.@graph[0].description,"805 Shutters is a family-owned local window treatment company serving Ventura County and nearby communities with more than 30 years of custom shutters, shades, blinds, commercial roller shades, and window covering experience.",unchanged; year/experience unconfirmed
https://www.805shutters.com/window-coverings/oxnard-ca/,JSON-LD[0] $.@graph[0].foundingDate,1995,unchanged; year/experience unconfirmed
https://www.805shutters.com/window-treatments/oxnard-ca/,JSON-LD[0] $.@graph[0].description,"805 Shutters is a family-owned local window treatment company serving Ventura County and nearby communities with more than 30 years of custom shutters, shades, blinds, commercial roller shades, and window covering experience.",unchanged; year/experience unconfirmed
https://www.805shutters.com/window-treatments/oxnard-ca/,JSON-LD[0] $.@graph[0].foundingDate,1995,unchanged; year/experience unconfirmed
https://www.805shutters.com/shutters/port-hueneme/,JSON-LD[0] $.@graph[0].description,"805 Shutters is a family-owned local window treatment company serving Ventura County and nearby communities with more than 30 years of custom shutters, shades, blinds, commercial roller shades, and window covering experience.",unchanged; year/experience unconfirmed
https://www.805shutters.com/shutters/port-hueneme/,JSON-LD[0] $.@graph[0].foundingDate,1995,unchanged; year/experience unconfirmed
https://www.805shutters.com/shades/port-hueneme-ca/,JSON-LD[0] $.@graph[0].description,"805 Shutters is a family-owned local window treatment company serving Ventura County and nearby communities with more than 30 years of custom shutters, shades, blinds, commercial roller shades, and window covering experience.",unchanged; year/experience unconfirmed
https://www.805shutters.com/shades/port-hueneme-ca/,JSON-LD[0] $.@graph[0].foundingDate,1995,unchanged; year/experience unconfirmed
https://www.805shutters.com/blinds/port-hueneme-ca/,JSON-LD[0] $.@graph[0].description,"805 Shutters is a family-owned local window treatment company serving Ventura County and nearby communities with more than 30 years of custom shutters, shades, blinds, commercial roller shades, and window covering experience.",unchanged; year/experience unconfirmed
https://www.805shutters.com/blinds/port-hueneme-ca/,JSON-LD[0] $.@graph[0].foundingDate,1995,unchanged; year/experience unconfirmed
https://www.805shutters.com/drapery/port-hueneme-ca/,JSON-LD[0] $.@graph[0].description,"805 Shutters is a family-owned local window treatment company serving Ventura County and nearby communities with more than 30 years of custom shutters, shades, blinds, commercial roller shades, and window covering experience.",unchanged; year/experience unconfirmed
https://www.805shutters.com/drapery/port-hueneme-ca/,JSON-LD[0] $.@graph[0].foundingDate,1995,unchanged; year/experience unconfirmed
https://www.805shutters.com/window-coverings/port-hueneme-ca/,JSON-LD[0] $.@graph[0].description,"805 Shutters is a family-owned local window treatment company serving Ventura County and nearby communities with more than 30 years of custom shutters, shades, blinds, commercial roller shades, and window covering experience.",unchanged; year/experience unconfirmed
https://www.805shutters.com/window-coverings/port-hueneme-ca/,JSON-LD[0] $.@graph[0].foundingDate,1995,unchanged; year/experience unconfirmed
https://www.805shutters.com/window-treatments/port-hueneme-ca/,JSON-LD[0] $.@graph[0].description,"805 Shutters is a family-owned local window treatment company serving Ventura County and nearby communities with more than 30 years of custom shutters, shades, blinds, commercial roller shades, and window covering experience.",unchanged; year/experience unconfirmed
https://www.805shutters.com/window-treatments/port-hueneme-ca/,JSON-LD[0] $.@graph[0].foundingDate,1995,unchanged; year/experience unconfirmed
https://www.805shutters.com/shutters/santa-paula/,JSON-LD[0] $.@graph[0].description,"805 Shutters is a family-owned local window treatment company serving Ventura County and nearby communities with more than 30 years of custom shutters, shades, blinds, commercial roller shades, and window covering experience.",unchanged; year/experience unconfirmed
https://www.805shutters.com/shutters/santa-paula/,JSON-LD[0] $.@graph[0].foundingDate,1995,unchanged; year/experience unconfirmed
https://www.805shutters.com/shades/santa-paula-ca/,JSON-LD[0] $.@graph[0].description,"805 Shutters is a family-owned local window treatment company serving Ventura County and nearby communities with more than 30 years of custom shutters, shades, blinds, commercial roller shades, and window covering experience.",unchanged; year/experience unconfirmed
https://www.805shutters.com/shades/santa-paula-ca/,JSON-LD[0] $.@graph[0].foundingDate,1995,unchanged; year/experience unconfirmed
https://www.805shutters.com/blinds/santa-paula-ca/,JSON-LD[0] $.@graph[0].description,"805 Shutters is a family-owned local window treatment company serving Ventura County and nearby communities with more than 30 years of custom shutters, shades, blinds, commercial roller shades, and window covering experience.",unchanged; year/experience unconfirmed
https://www.805shutters.com/blinds/santa-paula-ca/,JSON-LD[0] $.@graph[0].foundingDate,1995,unchanged; year/experience unconfirmed
https://www.805shutters.com/drapery/santa-paula-ca/,JSON-LD[0] $.@graph[0].description,"805 Shutters is a family-owned local window treatment company serving Ventura County and nearby communities with more than 30 years of custom shutters, shades, blinds, commercial roller shades, and window covering experience.",unchanged; year/experience unconfirmed
https://www.805shutters.com/drapery/santa-paula-ca/,JSON-LD[0] $.@graph[0].foundingDate,1995,unchanged; year/experience unconfirmed
https://www.805shutters.com/window-coverings/santa-paula-ca/,JSON-LD[0] $.@graph[0].description,"805 Shutters is a family-owned local window treatment company serving Ventura County and nearby communities with more than 30 years of custom shutters, shades, blinds, commercial roller shades, and window covering experience.",unchanged; year/experience unconfirmed
https://www.805shutters.com/window-coverings/santa-paula-ca/,JSON-LD[0] $.@graph[0].foundingDate,1995,unchanged; year/experience unconfirmed
https://www.805shutters.com/window-treatments/santa-paula-ca/,JSON-LD[0] $.@graph[0].description,"805 Shutters is a family-owned local window treatment company serving Ventura County and nearby communities with more than 30 years of custom shutters, shades, blinds, commercial roller shades, and window covering experience.",unchanged; year/experience unconfirmed
https://www.805shutters.com/window-treatments/santa-paula-ca/,JSON-LD[0] $.@graph[0].foundingDate,1995,unchanged; year/experience unconfirmed
https://www.805shutters.com/shutters/santa-clarita/,JSON-LD[0] $.@graph[0].description,"805 Shutters is a family-owned local window treatment company serving Ventura County and nearby communities with more than 30 years of custom shutters, shades, blinds, commercial roller shades, and window covering experience.",unchanged; year/experience unconfirmed
https://www.805shutters.com/shutters/santa-clarita/,JSON-LD[0] $.@graph[0].foundingDate,1995,unchanged; year/experience unconfirmed
https://www.805shutters.com/shades/santa-clarita-ca/,JSON-LD[0] $.@graph[0].description,"805 Shutters is a family-owned local window treatment company serving Ventura County and nearby communities with more than 30 years of custom shutters, shades, blinds, commercial roller shades, and window covering experience.",unchanged; year/experience unconfirmed
https://www.805shutters.com/shades/santa-clarita-ca/,JSON-LD[0] $.@graph[0].foundingDate,1995,unchanged; year/experience unconfirmed
https://www.805shutters.com/blinds/santa-clarita-ca/,JSON-LD[0] $.@graph[0].description,"805 Shutters is a family-owned local window treatment company serving Ventura County and nearby communities with more than 30 years of custom shutters, shades, blinds, commercial roller shades, and window covering experience.",unchanged; year/experience unconfirmed
https://www.805shutters.com/blinds/santa-clarita-ca/,JSON-LD[0] $.@graph[0].foundingDate,1995,unchanged; year/experience unconfirmed
https://www.805shutters.com/drapery/santa-clarita-ca/,JSON-LD[0] $.@graph[0].description,"805 Shutters is a family-owned local window treatment company serving Ventura County and nearby communities with more than 30 years of custom shutters, shades, blinds, commercial roller shades, and window covering experience.",unchanged; year/experience unconfirmed
https://www.805shutters.com/drapery/santa-clarita-ca/,JSON-LD[0] $.@graph[0].foundingDate,1995,unchanged; year/experience unconfirmed
https://www.805shutters.com/window-coverings/santa-clarita-ca/,JSON-LD[0] $.@graph[0].description,"805 Shutters is a family-owned local window treatment company serving Ventura County and nearby communities with more than 30 years of custom shutters, shades, blinds, commercial roller shades, and window covering experience.",unchanged; year/experience unconfirmed
https://www.805shutters.com/window-coverings/santa-clarita-ca/,JSON-LD[0] $.@graph[0].foundingDate,1995,unchanged; year/experience unconfirmed
https://www.805shutters.com/window-treatments/santa-clarita-ca/,JSON-LD[0] $.@graph[0].description,"805 Shutters is a family-owned local window treatment company serving Ventura County and nearby communities with more than 30 years of custom shutters, shades, blinds, commercial roller shades, and window covering experience.",unchanged; year/experience unconfirmed
https://www.805shutters.com/window-treatments/santa-clarita-ca/,JSON-LD[0] $.@graph[0].foundingDate,1995,unchanged; year/experience unconfirmed
https://www.805shutters.com/shutters/santa-rosa-valley/,JSON-LD[0] $.@graph[0].description,"805 Shutters is a family-owned local window treatment company serving Ventura County and nearby communities with more than 30 years of custom shutters, shades, blinds, commercial roller shades, and window covering experience.",unchanged; year/experience unconfirmed
https://www.805shutters.com/shutters/santa-rosa-valley/,JSON-LD[0] $.@graph[0].foundingDate,1995,unchanged; year/experience unconfirmed
https://www.805shutters.com/shades/santa-rosa-valley-ca/,JSON-LD[0] $.@graph[0].description,"805 Shutters is a family-owned local window treatment company serving Ventura County and nearby communities with more than 30 years of custom shutters, shades, blinds, commercial roller shades, and window covering experience.",unchanged; year/experience unconfirmed
https://www.805shutters.com/shades/santa-rosa-valley-ca/,JSON-LD[0] $.@graph[0].foundingDate,1995,unchanged; year/experience unconfirmed
https://www.805shutters.com/blinds/santa-rosa-valley-ca/,JSON-LD[0] $.@graph[0].description,"805 Shutters is a family-owned local window treatment company serving Ventura County and nearby communities with more than 30 years of custom shutters, shades, blinds, commercial roller shades, and window covering experience.",unchanged; year/experience unconfirmed
https://www.805shutters.com/blinds/santa-rosa-valley-ca/,JSON-LD[0] $.@graph[0].foundingDate,1995,unchanged; year/experience unconfirmed
https://www.805shutters.com/drapery/santa-rosa-valley-ca/,JSON-LD[0] $.@graph[0].description,"805 Shutters is a family-owned local window treatment company serving Ventura County and nearby communities with more than 30 years of custom shutters, shades, blinds, commercial roller shades, and window covering experience.",unchanged; year/experience unconfirmed
https://www.805shutters.com/drapery/santa-rosa-valley-ca/,JSON-LD[0] $.@graph[0].foundingDate,1995,unchanged; year/experience unconfirmed
https://www.805shutters.com/window-coverings/santa-rosa-valley-ca/,JSON-LD[0] $.@graph[0].description,"805 Shutters is a family-owned local window treatment company serving Ventura County and nearby communities with more than 30 years of custom shutters, shades, blinds, commercial roller shades, and window covering experience.",unchanged; year/experience unconfirmed
https://www.805shutters.com/window-coverings/santa-rosa-valley-ca/,JSON-LD[0] $.@graph[0].foundingDate,1995,unchanged; year/experience unconfirmed
https://www.805shutters.com/window-treatments/santa-rosa-valley-ca/,JSON-LD[0] $.@graph[0].description,"805 Shutters is a family-owned local window treatment company serving Ventura County and nearby communities with more than 30 years of custom shutters, shades, blinds, commercial roller shades, and window covering experience.",unchanged; year/experience unconfirmed
https://www.805shutters.com/window-treatments/santa-rosa-valley-ca/,JSON-LD[0] $.@graph[0].foundingDate,1995,unchanged; year/experience unconfirmed
https://www.805shutters.com/shutters/simi-valley/,JSON-LD[0] $.@graph[0].description,"805 Shutters is a family-owned local window treatment company serving Ventura County and nearby communities with more than 30 years of custom shutters, shades, blinds, commercial roller shades, and window covering experience.",unchanged; year/experience unconfirmed
https://www.805shutters.com/shutters/simi-valley/,JSON-LD[0] $.@graph[0].foundingDate,1995,unchanged; year/experience unconfirmed
https://www.805shutters.com/shades/simi-valley-ca/,JSON-LD[0] $.@graph[0].description,"805 Shutters is a family-owned local window treatment company serving Ventura County and nearby communities with more than 30 years of custom shutters, shades, blinds, commercial roller shades, and window covering experience.",unchanged; year/experience unconfirmed
https://www.805shutters.com/shades/simi-valley-ca/,JSON-LD[0] $.@graph[0].foundingDate,1995,unchanged; year/experience unconfirmed
https://www.805shutters.com/blinds/simi-valley-ca/,JSON-LD[0] $.@graph[0].description,"805 Shutters is a family-owned local window treatment company serving Ventura County and nearby communities with more than 30 years of custom shutters, shades, blinds, commercial roller shades, and window covering experience.",unchanged; year/experience unconfirmed
https://www.805shutters.com/blinds/simi-valley-ca/,JSON-LD[0] $.@graph[0].foundingDate,1995,unchanged; year/experience unconfirmed
https://www.805shutters.com/drapery/simi-valley-ca/,JSON-LD[0] $.@graph[0].description,"805 Shutters is a family-owned local window treatment company serving Ventura County and nearby communities with more than 30 years of custom shutters, shades, blinds, commercial roller shades, and window covering experience.",unchanged; year/experience unconfirmed
https://www.805shutters.com/drapery/simi-valley-ca/,JSON-LD[0] $.@graph[0].foundingDate,1995,unchanged; year/experience unconfirmed
https://www.805shutters.com/window-coverings/simi-valley-ca/,JSON-LD[0] $.@graph[0].description,"805 Shutters is a family-owned local window treatment company serving Ventura County and nearby communities with more than 30 years of custom shutters, shades, blinds, commercial roller shades, and window covering experience.",unchanged; year/experience unconfirmed
https://www.805shutters.com/window-coverings/simi-valley-ca/,JSON-LD[0] $.@graph[0].foundingDate,1995,unchanged; year/experience unconfirmed
https://www.805shutters.com/window-treatments/simi-valley-ca/,JSON-LD[0] $.@graph[0].description,"805 Shutters is a family-owned local window treatment company serving Ventura County and nearby communities with more than 30 years of custom shutters, shades, blinds, commercial roller shades, and window covering experience.",unchanged; year/experience unconfirmed
https://www.805shutters.com/window-treatments/simi-valley-ca/,JSON-LD[0] $.@graph[0].foundingDate,1995,unchanged; year/experience unconfirmed
https://www.805shutters.com/shutters/thousand-oaks/,page text,"Plantation shutters for living rooms, dining rooms, and bedrooms Front-facing shutters for privacy and curb-facing consistency Shutter plans for repeated windows and large openings Specialty shape review for arched or non-standard windows Local proof and next step 805 Shutters is a family-owned Ventura County window treatment company with more than 30 years of local measuring, product guidance, ordering, and installation experience.",unchanged; year/experience unconfirmed
https://www.805shutters.com/shutters/thousand-oaks/,JSON-LD[0] $.@graph[0].description,"805 Shutters is a family-owned local window treatment company serving Ventura County and nearby communities with more than 30 years of custom shutters, shades, blinds, commercial roller shades, and window covering experience.",unchanged; year/experience unconfirmed
https://www.805shutters.com/shutters/thousand-oaks/,JSON-LD[0] $.@graph[0].foundingDate,1995,unchanged; year/experience unconfirmed
https://www.805shutters.com/shades/thousand-oaks-ca/,JSON-LD[0] $.@graph[0].description,"805 Shutters is a family-owned local window treatment company serving Ventura County and nearby communities with more than 30 years of custom shutters, shades, blinds, commercial roller shades, and window covering experience.",unchanged; year/experience unconfirmed
https://www.805shutters.com/shades/thousand-oaks-ca/,JSON-LD[0] $.@graph[0].foundingDate,1995,unchanged; year/experience unconfirmed
https://www.805shutters.com/blinds/thousand-oaks-ca/,JSON-LD[0] $.@graph[0].description,"805 Shutters is a family-owned local window treatment company serving Ventura County and nearby communities with more than 30 years of custom shutters, shades, blinds, commercial roller shades, and window covering experience.",unchanged; year/experience unconfirmed
https://www.805shutters.com/blinds/thousand-oaks-ca/,JSON-LD[0] $.@graph[0].foundingDate,1995,unchanged; year/experience unconfirmed
https://www.805shutters.com/drapery/thousand-oaks-ca/,JSON-LD[0] $.@graph[0].description,"805 Shutters is a family-owned local window treatment company serving Ventura County and nearby communities with more than 30 years of custom shutters, shades, blinds, commercial roller shades, and window covering experience.",unchanged; year/experience unconfirmed
https://www.805shutters.com/drapery/thousand-oaks-ca/,JSON-LD[0] $.@graph[0].foundingDate,1995,unchanged; year/experience unconfirmed
https://www.805shutters.com/window-coverings/thousand-oaks-ca/,page text,"Residential shutters, shades, blinds, and drapery in Thousand Oaks Office and professional-suite coverings for glare and privacy Commercial roller shades for larger glass or repeated windows Room-by-room planning for privacy, heat, and light control Local proof and next step 805 Shutters is a family-owned Ventura County window treatment company with more than 30 years of local measuring, product guidance, ordering, and installation experience.",unchanged; year/experience unconfirmed
https://www.805shutters.com/window-coverings/thousand-oaks-ca/,JSON-LD[0] $.@graph[0].description,"805 Shutters is a family-owned local window treatment company serving Ventura County and nearby communities with more than 30 years of custom shutters, shades, blinds, commercial roller shades, and window covering experience.",unchanged; year/experience unconfirmed
https://www.805shutters.com/window-coverings/thousand-oaks-ca/,JSON-LD[0] $.@graph[0].foundingDate,1995,unchanged; year/experience unconfirmed
https://www.805shutters.com/window-treatments/thousand-oaks-ca/,JSON-LD[0] $.@graph[0].description,"805 Shutters is a family-owned local window treatment company serving Ventura County and nearby communities with more than 30 years of custom shutters, shades, blinds, commercial roller shades, and window covering experience.",unchanged; year/experience unconfirmed
https://www.805shutters.com/window-treatments/thousand-oaks-ca/,JSON-LD[0] $.@graph[0].foundingDate,1995,unchanged; year/experience unconfirmed
https://www.805shutters.com/shutters/ventura/,page text,"Bedroom shutters for privacy and stronger light control Living room shutters where views and daylight both matter Sliding door shutter planning for access and durability Specialty shutters for arched or unusual openings Local proof and next step 805 Shutters is a family-owned Ventura County window treatment company with more than 30 years of local measuring, product guidance, ordering, and installation experience.",unchanged; year/experience unconfirmed
https://www.805shutters.com/shutters/ventura/,JSON-LD[0] $.@graph[0].description,"805 Shutters is a family-owned local window treatment company serving Ventura County and nearby communities with more than 30 years of custom shutters, shades, blinds, commercial roller shades, and window covering experience.",unchanged; year/experience unconfirmed
https://www.805shutters.com/shutters/ventura/,JSON-LD[0] $.@graph[0].foundingDate,1995,unchanged; year/experience unconfirmed
https://www.805shutters.com/shades/ventura-ca/,JSON-LD[0] $.@graph[0].description,"805 Shutters is a family-owned local window treatment company serving Ventura County and nearby communities with more than 30 years of custom shutters, shades, blinds, commercial roller shades, and window covering experience.",unchanged; year/experience unconfirmed
https://www.805shutters.com/shades/ventura-ca/,JSON-LD[0] $.@graph[0].foundingDate,1995,unchanged; year/experience unconfirmed
https://www.805shutters.com/blinds/ventura-ca/,JSON-LD[0] $.@graph[0].description,"805 Shutters is a family-owned local window treatment company serving Ventura County and nearby communities with more than 30 years of custom shutters, shades, blinds, commercial roller shades, and window covering experience.",unchanged; year/experience unconfirmed
https://www.805shutters.com/blinds/ventura-ca/,JSON-LD[0] $.@graph[0].foundingDate,1995,unchanged; year/experience unconfirmed
https://www.805shutters.com/drapery/ventura-ca/,JSON-LD[0] $.@graph[0].description,"805 Shutters is a family-owned local window treatment company serving Ventura County and nearby communities with more than 30 years of custom shutters, shades, blinds, commercial roller shades, and window covering experience.",unchanged; year/experience unconfirmed
https://www.805shutters.com/drapery/ventura-ca/,JSON-LD[0] $.@graph[0].foundingDate,1995,unchanged; year/experience unconfirmed
https://www.805shutters.com/window-coverings/ventura-ca/,JSON-LD[0] $.@graph[0].description,"805 Shutters is a family-owned local window treatment company serving Ventura County and nearby communities with more than 30 years of custom shutters, shades, blinds, commercial roller shades, and window covering experience.",unchanged; year/experience unconfirmed
https://www.805shutters.com/window-coverings/ventura-ca/,JSON-LD[0] $.@graph[0].foundingDate,1995,unchanged; year/experience unconfirmed
https://www.805shutters.com/window-treatments/ventura-ca/,JSON-LD[0] $.@graph[0].description,"805 Shutters is a family-owned local window treatment company serving Ventura County and nearby communities with more than 30 years of custom shutters, shades, blinds, commercial roller shades, and window covering experience.",unchanged; year/experience unconfirmed
https://www.805shutters.com/window-treatments/ventura-ca/,JSON-LD[0] $.@graph[0].foundingDate,1995,unchanged; year/experience unconfirmed
https://www.805shutters.com/shutters/westlake-village/,JSON-LD[0] $.@graph[0].description,"805 Shutters is a family-owned local window treatment company serving Ventura County and nearby communities with more than 30 years of custom shutters, shades, blinds, commercial roller shades, and window covering experience.",unchanged; year/experience unconfirmed
https://www.805shutters.com/shutters/westlake-village/,JSON-LD[0] $.@graph[0].foundingDate,1995,unchanged; year/experience unconfirmed
https://www.805shutters.com/shades/westlake-village-ca/,JSON-LD[0] $.@graph[0].description,"805 Shutters is a family-owned local window treatment company serving Ventura County and nearby communities with more than 30 years of custom shutters, shades, blinds, commercial roller shades, and window covering experience.",unchanged; year/experience unconfirmed
https://www.805shutters.com/shades/westlake-village-ca/,JSON-LD[0] $.@graph[0].foundingDate,1995,unchanged; year/experience unconfirmed
https://www.805shutters.com/blinds/westlake-village-ca/,JSON-LD[0] $.@graph[0].description,"805 Shutters is a family-owned local window treatment company serving Ventura County and nearby communities with more than 30 years of custom shutters, shades, blinds, commercial roller shades, and window covering experience.",unchanged; year/experience unconfirmed
https://www.805shutters.com/blinds/westlake-village-ca/,JSON-LD[0] $.@graph[0].foundingDate,1995,unchanged; year/experience unconfirmed
https://www.805shutters.com/drapery/westlake-village-ca/,JSON-LD[0] $.@graph[0].description,"805 Shutters is a family-owned local window treatment company serving Ventura County and nearby communities with more than 30 years of custom shutters, shades, blinds, commercial roller shades, and window covering experience.",unchanged; year/experience unconfirmed
https://www.805shutters.com/drapery/westlake-village-ca/,JSON-LD[0] $.@graph[0].foundingDate,1995,unchanged; year/experience unconfirmed
https://www.805shutters.com/window-coverings/westlake-village-ca/,JSON-LD[0] $.@graph[0].description,"805 Shutters is a family-owned local window treatment company serving Ventura County and nearby communities with more than 30 years of custom shutters, shades, blinds, commercial roller shades, and window covering experience.",unchanged; year/experience unconfirmed
https://www.805shutters.com/window-coverings/westlake-village-ca/,JSON-LD[0] $.@graph[0].foundingDate,1995,unchanged; year/experience unconfirmed
https://www.805shutters.com/window-treatments/westlake-village-ca/,JSON-LD[0] $.@graph[0].description,"805 Shutters is a family-owned local window treatment company serving Ventura County and nearby communities with more than 30 years of custom shutters, shades, blinds, commercial roller shades, and window covering experience.",unchanged; year/experience unconfirmed
https://www.805shutters.com/window-treatments/westlake-village-ca/,JSON-LD[0] $.@graph[0].foundingDate,1995,unchanged; year/experience unconfirmed
https://www.805shutters.com/commercial-window-coverings/camarillo-ca/,JSON-LD[0] $.@graph[0].description,"805 Shutters is a family-owned local window treatment company serving Ventura County and nearby communities with more than 30 years of custom shutters, shades, blinds, commercial roller shades, and window covering experience.",unchanged; year/experience unconfirmed
https://www.805shutters.com/commercial-window-coverings/camarillo-ca/,JSON-LD[0] $.@graph[0].foundingDate,1995,unchanged; year/experience unconfirmed
https://www.805shutters.com/commercial-window-coverings/fillmore-ca/,JSON-LD[0] $.@graph[0].description,"805 Shutters is a family-owned local window treatment company serving Ventura County and nearby communities with more than 30 years of custom shutters, shades, blinds, commercial roller shades, and window covering experience.",unchanged; year/experience unconfirmed
https://www.805shutters.com/commercial-window-coverings/fillmore-ca/,JSON-LD[0] $.@graph[0].foundingDate,1995,unchanged; year/experience unconfirmed
https://www.805shutters.com/commercial-window-coverings/moorpark-ca/,JSON-LD[0] $.@graph[0].description,"805 Shutters is a family-owned local window treatment company serving Ventura County and nearby communities with more than 30 years of custom shutters, shades, blinds, commercial roller shades, and window covering experience.",unchanged; year/experience unconfirmed
https://www.805shutters.com/commercial-window-coverings/moorpark-ca/,JSON-LD[0] $.@graph[0].foundingDate,1995,unchanged; year/experience unconfirmed
https://www.805shutters.com/commercial-window-coverings/newbury-park-ca/,JSON-LD[0] $.@graph[0].description,"805 Shutters is a family-owned local window treatment company serving Ventura County and nearby communities with more than 30 years of custom shutters, shades, blinds, commercial roller shades, and window covering experience.",unchanged; year/experience unconfirmed
https://www.805shutters.com/commercial-window-coverings/newbury-park-ca/,JSON-LD[0] $.@graph[0].foundingDate,1995,unchanged; year/experience unconfirmed
https://www.805shutters.com/commercial-window-coverings/oak-park-ca/,JSON-LD[0] $.@graph[0].description,"805 Shutters is a family-owned local window treatment company serving Ventura County and nearby communities with more than 30 years of custom shutters, shades, blinds, commercial roller shades, and window covering experience.",unchanged; year/experience unconfirmed
https://www.805shutters.com/commercial-window-coverings/oak-park-ca/,JSON-LD[0] $.@graph[0].foundingDate,1995,unchanged; year/experience unconfirmed
https://www.805shutters.com/commercial-window-coverings/ojai-ca/,JSON-LD[0] $.@graph[0].description,"805 Shutters is a family-owned local window treatment company serving Ventura County and nearby communities with more than 30 years of custom shutters, shades, blinds, commercial roller shades, and window covering experience.",unchanged; year/experience unconfirmed
https://www.805shutters.com/commercial-window-coverings/ojai-ca/,JSON-LD[0] $.@graph[0].foundingDate,1995,unchanged; year/experience unconfirmed
https://www.805shutters.com/commercial-window-coverings/oxnard-ca/,JSON-LD[0] $.@graph[0].description,"805 Shutters is a family-owned local window treatment company serving Ventura County and nearby communities with more than 30 years of custom shutters, shades, blinds, commercial roller shades, and window covering experience.",unchanged; year/experience unconfirmed
https://www.805shutters.com/commercial-window-coverings/oxnard-ca/,JSON-LD[0] $.@graph[0].foundingDate,1995,unchanged; year/experience unconfirmed
https://www.805shutters.com/commercial-window-coverings/port-hueneme-ca/,JSON-LD[0] $.@graph[0].description,"805 Shutters is a family-owned local window treatment company serving Ventura County and nearby communities with more than 30 years of custom shutters, shades, blinds, commercial roller shades, and window covering experience.",unchanged; year/experience unconfirmed
https://www.805shutters.com/commercial-window-coverings/port-hueneme-ca/,JSON-LD[0] $.@graph[0].foundingDate,1995,unchanged; year/experience unconfirmed
https://www.805shutters.com/commercial-window-coverings/santa-paula-ca/,JSON-LD[0] $.@graph[0].description,"805 Shutters is a family-owned local window treatment company serving Ventura County and nearby communities with more than 30 years of custom shutters, shades, blinds, commercial roller shades, and window covering experience.",unchanged; year/experience unconfirmed
https://www.805shutters.com/commercial-window-coverings/santa-paula-ca/,JSON-LD[0] $.@graph[0].foundingDate,1995,unchanged; year/experience unconfirmed
https://www.805shutters.com/commercial-window-coverings/santa-clarita-ca/,JSON-LD[0] $.@graph[0].description,"805 Shutters is a family-owned local window treatment company serving Ventura County and nearby communities with more than 30 years of custom shutters, shades, blinds, commercial roller shades, and window covering experience.",unchanged; year/experience unconfirmed
https://www.805shutters.com/commercial-window-coverings/santa-clarita-ca/,JSON-LD[0] $.@graph[0].foundingDate,1995,unchanged; year/experience unconfirmed
https://www.805shutters.com/commercial-window-coverings/santa-rosa-valley-ca/,JSON-LD[0] $.@graph[0].description,"805 Shutters is a family-owned local window treatment company serving Ventura County and nearby communities with more than 30 years of custom shutters, shades, blinds, commercial roller shades, and window covering experience.",unchanged; year/experience unconfirmed
https://www.805shutters.com/commercial-window-coverings/santa-rosa-valley-ca/,JSON-LD[0] $.@graph[0].foundingDate,1995,unchanged; year/experience unconfirmed
https://www.805shutters.com/commercial-window-coverings/simi-valley-ca/,JSON-LD[0] $.@graph[0].description,"805 Shutters is a family-owned local window treatment company serving Ventura County and nearby communities with more than 30 years of custom shutters, shades, blinds, commercial roller shades, and window covering experience.",unchanged; year/experience unconfirmed
https://www.805shutters.com/commercial-window-coverings/simi-valley-ca/,JSON-LD[0] $.@graph[0].foundingDate,1995,unchanged; year/experience unconfirmed
https://www.805shutters.com/commercial-window-coverings/thousand-oaks-ca/,JSON-LD[0] $.@graph[0].description,"805 Shutters is a family-owned local window treatment company serving Ventura County and nearby communities with more than 30 years of custom shutters, shades, blinds, commercial roller shades, and window covering experience.",unchanged; year/experience unconfirmed
https://www.805shutters.com/commercial-window-coverings/thousand-oaks-ca/,JSON-LD[0] $.@graph[0].foundingDate,1995,unchanged; year/experience unconfirmed
https://www.805shutters.com/commercial-window-coverings/ventura-ca/,JSON-LD[0] $.@graph[0].description,"805 Shutters is a family-owned local window treatment company serving Ventura County and nearby communities with more than 30 years of custom shutters, shades, blinds, commercial roller shades, and window covering experience.",unchanged; year/experience unconfirmed
https://www.805shutters.com/commercial-window-coverings/ventura-ca/,JSON-LD[0] $.@graph[0].foundingDate,1995,unchanged; year/experience unconfirmed
https://www.805shutters.com/commercial-window-coverings/westlake-village-ca/,JSON-LD[0] $.@graph[0].description,"805 Shutters is a family-owned local window treatment company serving Ventura County and nearby communities with more than 30 years of custom shutters, shades, blinds, commercial roller shades, and window covering experience.",unchanged; year/experience unconfirmed
https://www.805shutters.com/commercial-window-coverings/westlake-village-ca/,JSON-LD[0] $.@graph[0].foundingDate,1995,unchanged; year/experience unconfirmed
https://www.805shutters.com/blinds/ventura-county/,page text,"Wood and faux wood blinds for bedrooms, offices, and living rooms Vertical blinds for sliding doors and wide openings Blind replacements for rentals, offices, and practical rooms Ventura County installation support from measuring through final fit Local proof and next step 805 Shutters is a family-owned Ventura County window treatment company with more than 30 years of local measuring, product guidance, ordering, and installation experience.",unchanged; year/experience unconfirmed
https://www.805shutters.com/blinds/ventura-county/,JSON-LD[0] $.@graph[0].description,"805 Shutters is a family-owned local window treatment company serving Ventura County and nearby communities with more than 30 years of custom shutters, shades, blinds, commercial roller shades, and window covering experience.",unchanged; year/experience unconfirmed
https://www.805shutters.com/blinds/ventura-county/,JSON-LD[0] $.@graph[0].foundingDate,1995,unchanged; year/experience unconfirmed
https://www.805shutters.com/window-treatments/camarillo/,JSON-LD[0] $.@graph[0].description,"805 Shutters is a family-owned local window treatment company serving Ventura County and nearby communities with more than 30 years of custom shutters, shades, blinds, commercial roller shades, and window covering experience.",unchanged; year/experience unconfirmed
https://www.805shutters.com/window-treatments/camarillo/,JSON-LD[0] $.@graph[0].foundingDate,1995,unchanged; year/experience unconfirmed
https://www.805shutters.com/ventura-county-window-treatments-camarillo-blinds-shades-shutters/,JSON-LD[0] $.@graph[0].description,"805 Shutters is a family-owned local window treatment company serving Ventura County and nearby communities with more than 30 years of custom shutters, shades, blinds, commercial roller shades, and window covering experience.",unchanged; year/experience unconfirmed
https://www.805shutters.com/ventura-county-window-treatments-camarillo-blinds-shades-shutters/,JSON-LD[0] $.@graph[0].foundingDate,1995,unchanged; year/experience unconfirmed
https://www.805shutters.com/shutters/plantation/,JSON-LD[0] $.@graph[0].description,"805 Shutters is a family-owned local window treatment company serving Ventura County and nearby communities with more than 30 years of custom shutters, shades, blinds, commercial roller shades, and window covering experience.",unchanged; year/experience unconfirmed
https://www.805shutters.com/shutters/plantation/,JSON-LD[0] $.@graph[0].foundingDate,1995,unchanged; year/experience unconfirmed
https://www.805shutters.com/shutters/interior-shutters-camarillo/,JSON-LD[0] $.@graph[0].description,"805 Shutters is a family-owned local window treatment company serving Ventura County and nearby communities with more than 30 years of custom shutters, shades, blinds, commercial roller shades, and window covering experience.",unchanged; year/experience unconfirmed
https://www.805shutters.com/shutters/interior-shutters-camarillo/,JSON-LD[0] $.@graph[0].foundingDate,1995,unchanged; year/experience unconfirmed
https://www.805shutters.com/shutters/wood-shutters-camarillo/,JSON-LD[0] $.@graph[0].description,"805 Shutters is a family-owned local window treatment company serving Ventura County and nearby communities with more than 30 years of custom shutters, shades, blinds, commercial roller shades, and window covering experience.",unchanged; year/experience unconfirmed
https://www.805shutters.com/shutters/wood-shutters-camarillo/,JSON-LD[0] $.@graph[0].foundingDate,1995,unchanged; year/experience unconfirmed
https://www.805shutters.com/recent-projects/sliding-door-shutters-ventura-county/,JSON-LD[0] $.@graph[0].description,"805 Shutters is a family-owned local window treatment company serving Ventura County and nearby communities with more than 30 years of custom shutters, shades, blinds, commercial roller shades, and window covering experience.",unchanged; year/experience unconfirmed
https://www.805shutters.com/recent-projects/sliding-door-shutters-ventura-county/,JSON-LD[0] $.@graph[0].foundingDate,1995,unchanged; year/experience unconfirmed
https://www.805shutters.com/recent-projects/roller-shades-large-window-ventura-county/,JSON-LD[0] $.@graph[0].description,"805 Shutters is a family-owned local window treatment company serving Ventura County and nearby communities with more than 30 years of custom shutters, shades, blinds, commercial roller shades, and window covering experience.",unchanged; year/experience unconfirmed
https://www.805shutters.com/recent-projects/roller-shades-large-window-ventura-county/,JSON-LD[0] $.@graph[0].foundingDate,1995,unchanged; year/experience unconfirmed
https://www.805shutters.com/recent-projects/layered-window-shades-ventura-county/,JSON-LD[0] $.@graph[0].description,"805 Shutters is a family-owned local window treatment company serving Ventura County and nearby communities with more than 30 years of custom shutters, shades, blinds, commercial roller shades, and window covering experience.",unchanged; year/experience unconfirmed
https://www.805shutters.com/recent-projects/layered-window-shades-ventura-county/,JSON-LD[0] $.@graph[0].foundingDate,1995,unchanged; year/experience unconfirmed
https://www.805shutters.com/recent-projects/arched-plantation-shutters-ventura-county/,JSON-LD[0] $.@graph[0].description,"805 Shutters is a family-owned local window treatment company serving Ventura County and nearby communities with more than 30 years of custom shutters, shades, blinds, commercial roller shades, and window covering experience.",unchanged; year/experience unconfirmed
https://www.805shutters.com/recent-projects/arched-plantation-shutters-ventura-county/,JSON-LD[0] $.@graph[0].foundingDate,1995,unchanged; year/experience unconfirmed
https://www.805shutters.com/recent-projects/dark-wood-plantation-shutters-ventura-county/,JSON-LD[0] $.@graph[0].description,"805 Shutters is a family-owned local window treatment company serving Ventura County and nearby communities with more than 30 years of custom shutters, shades, blinds, commercial roller shades, and window covering experience.",unchanged; year/experience unconfirmed
https://www.805shutters.com/recent-projects/dark-wood-plantation-shutters-ventura-county/,JSON-LD[0] $.@graph[0].foundingDate,1995,unchanged; year/experience unconfirmed
https://www.805shutters.com/recent-projects/plantation-shutters-ventura-county-project/,page text,Service: custom measuring and plantation shutter installation Product type: white plantation shutters Rooms shown: dining room and living room windows Area: Ventura County Company: family-owned local window treatment installer with over 30 years of experience Why plantation shutters worked well here Plantation shutters are a strong choice for homeowners who want a permanent window treatment with a built-in look.,unchanged; year/experience unconfirmed
https://www.805shutters.com/recent-projects/plantation-shutters-ventura-county-project/,page text,"Local experience 805 Shutters is a family-owned local business with over 30 years of experience measuring and installing custom shutters, shades, blinds, commercial roller shades, and window coverings across Ventura County and nearby communities.",unchanged; year/experience unconfirmed
https://www.805shutters.com/recent-projects/plantation-shutters-ventura-county-project/,JSON-LD[0] $.@graph[0].description,"805 Shutters is a family-owned local window treatment company serving Ventura County and nearby communities with more than 30 years of custom shutters, shades, blinds, commercial roller shades, and window covering experience.",unchanged; year/experience unconfirmed
https://www.805shutters.com/recent-projects/plantation-shutters-ventura-county-project/,JSON-LD[0] $.@graph[0].foundingDate,1995,unchanged; year/experience unconfirmed
https://www.805shutters.com/best-window-treatments-ventura-county/,page text,"Experience The team brings more than 30 years of custom shutters, shades, blinds, and window covering experience.",unchanged; year/experience unconfirmed
https://www.805shutters.com/best-window-treatments-ventura-county/,JSON-LD[0] $.@graph[0].description,"805 Shutters is a family-owned local window treatment company serving Ventura County and nearby communities with more than 30 years of custom shutters, shades, blinds, commercial roller shades, and window covering experience.",unchanged; year/experience unconfirmed
https://www.805shutters.com/best-window-treatments-ventura-county/,JSON-LD[0] $.@graph[0].foundingDate,1995,unchanged; year/experience unconfirmed
https://www.805shutters.com/plantation-shutters-vs-shades-ventura-county/,page text,"Experience The team brings more than 30 years of custom shutters, shades, blinds, and window covering experience.",unchanged; year/experience unconfirmed
https://www.805shutters.com/plantation-shutters-vs-shades-ventura-county/,JSON-LD[0] $.@graph[0].description,"805 Shutters is a family-owned local window treatment company serving Ventura County and nearby communities with more than 30 years of custom shutters, shades, blinds, commercial roller shades, and window covering experience.",unchanged; year/experience unconfirmed
https://www.805shutters.com/plantation-shutters-vs-shades-ventura-county/,JSON-LD[0] $.@graph[0].foundingDate,1995,unchanged; year/experience unconfirmed
https://www.805shutters.com/custom-blinds-shades-shutters-camarillo/,page text,"Experience The team brings more than 30 years of custom shutters, shades, blinds, and window covering experience.",unchanged; year/experience unconfirmed
https://www.805shutters.com/custom-blinds-shades-shutters-camarillo/,JSON-LD[0] $.@graph[0].description,"805 Shutters is a family-owned local window treatment company serving Ventura County and nearby communities with more than 30 years of custom shutters, shades, blinds, commercial roller shades, and window covering experience.",unchanged; year/experience unconfirmed
https://www.805shutters.com/custom-blinds-shades-shutters-camarillo/,JSON-LD[0] $.@graph[0].foundingDate,1995,unchanged; year/experience unconfirmed
https://www.805shutters.com/commercial-roller-shades-ventura-county/,page text,"Experience The team brings more than 30 years of custom shutters, shades, blinds, and window covering experience.",unchanged; year/experience unconfirmed
https://www.805shutters.com/commercial-roller-shades-ventura-county/,JSON-LD[0] $.@graph[0].description,"805 Shutters is a family-owned local window treatment company serving Ventura County and nearby communities with more than 30 years of custom shutters, shades, blinds, commercial roller shades, and window covering experience.",unchanged; year/experience unconfirmed
https://www.805shutters.com/commercial-roller-shades-ventura-county/,JSON-LD[0] $.@graph[0].foundingDate,1995,unchanged; year/experience unconfirmed
https://www.805shutters.com/sliding-door-window-treatments-ventura-county/,page text,"Experience The team brings more than 30 years of custom shutters, shades, blinds, and window covering experience.",unchanged; year/experience unconfirmed
https://www.805shutters.com/sliding-door-window-treatments-ventura-county/,JSON-LD[0] $.@graph[0].description,"805 Shutters is a family-owned local window treatment company serving Ventura County and nearby communities with more than 30 years of custom shutters, shades, blinds, commercial roller shades, and window covering experience.",unchanged; year/experience unconfirmed
https://www.805shutters.com/sliding-door-window-treatments-ventura-county/,JSON-LD[0] $.@graph[0].foundingDate,1995,unchanged; year/experience unconfirmed
https://www.805shutters.com/motorized-window-shades-ventura-county/,page text,"Experience The team brings more than 30 years of custom shutters, shades, blinds, and window covering experience.",unchanged; year/experience unconfirmed
https://www.805shutters.com/motorized-window-shades-ventura-county/,JSON-LD[0] $.@graph[0].description,"805 Shutters is a family-owned local window treatment company serving Ventura County and nearby communities with more than 30 years of custom shutters, shades, blinds, commercial roller shades, and window covering experience.",unchanged; year/experience unconfirmed
https://www.805shutters.com/motorized-window-shades-ventura-county/,JSON-LD[0] $.@graph[0].foundingDate,1995,unchanged; year/experience unconfirmed
https://www.805shutters.com/coastal-window-treatments-ventura-county/,page text,"Experience The team brings more than 30 years of custom shutters, shades, blinds, and window covering experience.",unchanged; year/experience unconfirmed
https://www.805shutters.com/coastal-window-treatments-ventura-county/,JSON-LD[0] $.@graph[0].description,"805 Shutters is a family-owned local window treatment company serving Ventura County and nearby communities with more than 30 years of custom shutters, shades, blinds, commercial roller shades, and window covering experience.",unchanged; year/experience unconfirmed
https://www.805shutters.com/coastal-window-treatments-ventura-county/,JSON-LD[0] $.@graph[0].foundingDate,1995,unchanged; year/experience unconfirmed
https://www.805shutters.com/window-treatment-installation-timeline-ventura-county/,page text,"Experience The team brings more than 30 years of custom shutters, shades, blinds, and window covering experience.",unchanged; year/experience unconfirmed
https://www.805shutters.com/window-treatment-installation-timeline-ventura-county/,JSON-LD[0] $.@graph[0].description,"805 Shutters is a family-owned local window treatment company serving Ventura County and nearby communities with more than 30 years of custom shutters, shades, blinds, commercial roller shades, and window covering experience.",unchanged; year/experience unconfirmed
https://www.805shutters.com/window-treatment-installation-timeline-ventura-county/,JSON-LD[0] $.@graph[0].foundingDate,1995,unchanged; year/experience unconfirmed
https://www.805shutters.com/window-treatment-cost-guide-ventura-county/,page text,"Experience The team brings more than 30 years of custom shutters, shades, blinds, and window covering experience.",unchanged; year/experience unconfirmed
https://www.805shutters.com/window-treatment-cost-guide-ventura-county/,JSON-LD[0] $.@graph[0].description,"805 Shutters is a family-owned local window treatment company serving Ventura County and nearby communities with more than 30 years of custom shutters, shades, blinds, commercial roller shades, and window covering experience.",unchanged; year/experience unconfirmed
https://www.805shutters.com/window-treatment-cost-guide-ventura-county/,JSON-LD[0] $.@graph[0].foundingDate,1995,unchanged; year/experience unconfirmed
https://www.805shutters.com/custom-drapery-curtains-ventura-county/,page text,"Experience The team brings more than 30 years of custom shutters, shades, blinds, and window covering experience.",unchanged; year/experience unconfirmed
https://www.805shutters.com/custom-drapery-curtains-ventura-county/,JSON-LD[0] $.@graph[0].description,"805 Shutters is a family-owned local window treatment company serving Ventura County and nearby communities with more than 30 years of custom shutters, shades, blinds, commercial roller shades, and window covering experience.",unchanged; year/experience unconfirmed
https://www.805shutters.com/custom-drapery-curtains-ventura-county/,JSON-LD[0] $.@graph[0].foundingDate,1995,unchanged; year/experience unconfirmed
https://www.805shutters.com/shutters-near-me-ventura-county/,page text,"Moorpark, Thousand Oaks, and Newbury Park Camarillo and Santa Rosa Valley Simi Valley, Oak Park, and Westlake Village Oxnard, Ventura, Port Hueneme, Ojai, Santa Paula, and Fillmore Why Choose A Local Shutter Company 805 Shutters is family-owned and based in Ventura County, with more than 30 years of local experience.",unchanged; year/experience unconfirmed
https://www.805shutters.com/shutters-near-me-ventura-county/,page text,"Experience The team brings more than 30 years of custom shutters, shades, blinds, and window covering experience.",unchanged; year/experience unconfirmed
https://www.805shutters.com/shutters-near-me-ventura-county/,JSON-LD[0] $.@graph[0].description,"805 Shutters is a family-owned local window treatment company serving Ventura County and nearby communities with more than 30 years of custom shutters, shades, blinds, commercial roller shades, and window covering experience.",unchanged; year/experience unconfirmed
https://www.805shutters.com/shutters-near-me-ventura-county/,JSON-LD[0] $.@graph[0].foundingDate,1995,unchanged; year/experience unconfirmed
https://www.805shutters.com/blinds-near-me-ventura-county/,page text,"Experience The team brings more than 30 years of custom shutters, shades, blinds, and window covering experience.",unchanged; year/experience unconfirmed
https://www.805shutters.com/blinds-near-me-ventura-county/,JSON-LD[0] $.@graph[0].description,"805 Shutters is a family-owned local window treatment company serving Ventura County and nearby communities with more than 30 years of custom shutters, shades, blinds, commercial roller shades, and window covering experience.",unchanged; year/experience unconfirmed
https://www.805shutters.com/blinds-near-me-ventura-county/,JSON-LD[0] $.@graph[0].foundingDate,1995,unchanged; year/experience unconfirmed
https://www.805shutters.com/window-shades-near-me-ventura-county/,page text,"Experience The team brings more than 30 years of custom shutters, shades, blinds, and window covering experience.",unchanged; year/experience unconfirmed
https://www.805shutters.com/window-shades-near-me-ventura-county/,JSON-LD[0] $.@graph[0].description,"805 Shutters is a family-owned local window treatment company serving Ventura County and nearby communities with more than 30 years of custom shutters, shades, blinds, commercial roller shades, and window covering experience.",unchanged; year/experience unconfirmed
https://www.805shutters.com/window-shades-near-me-ventura-county/,JSON-LD[0] $.@graph[0].foundingDate,1995,unchanged; year/experience unconfirmed
https://www.805shutters.com/window-treatment-company-near-me-ventura-county/,page text,"Plantation shutters for living areas and durability Roller, honeycomb, Roman, and motorized shades Wood, faux wood, aluminum, and vertical blinds Custom drapery and curtains, alone or layered Exterior shades and commercial roller shades Why Local Matters 805 Shutters is family-owned and based in Ventura County with more than 30 years of local experience.",unchanged; year/experience unconfirmed
https://www.805shutters.com/window-treatment-company-near-me-ventura-county/,page text,"Experience The team brings more than 30 years of custom shutters, shades, blinds, and window covering experience.",unchanged; year/experience unconfirmed
https://www.805shutters.com/window-treatment-company-near-me-ventura-county/,JSON-LD[0] $.@graph[0].description,"805 Shutters is a family-owned local window treatment company serving Ventura County and nearby communities with more than 30 years of custom shutters, shades, blinds, commercial roller shades, and window covering experience.",unchanged; year/experience unconfirmed
https://www.805shutters.com/window-treatment-company-near-me-ventura-county/,JSON-LD[0] $.@graph[0].foundingDate,1995,unchanged; year/experience unconfirmed
https://www.805shutters.com/window-treatment-comparison-guide/,page text,"805 Shutters is a family-owned local company with more than 30 years of experience across  Ventura County, North Los Angeles County, and Santa Clarita .",unchanged; year/experience unconfirmed
https://www.805shutters.com/window-treatment-comparison-guide/,JSON-LD[0] $.@graph[0].description,"805 Shutters is a family-owned local window treatment company serving Ventura County and nearby communities with more than 30 years of custom shutters, shades, blinds, commercial roller shades, and window covering experience.",unchanged; year/experience unconfirmed
https://www.805shutters.com/window-treatment-comparison-guide/,JSON-LD[0] $.@graph[0].foundingDate,1995,unchanged; year/experience unconfirmed
https://www.805shutters.com/book-consultation/,page text,"Free Ventura County in-home consultation Custom measuring before ordering Shutters, shades, blinds, drapery, and exterior shade options Local 805 Shutters team with 30+ years of experience Before we arrive A better appointment starts with the right project details.",unchanged; year/experience unconfirmed
https://www.805shutters.com/book-consultation/,JSON-LD[0] $.@graph[0].description,"805 Shutters is a family-owned local window treatment company serving Ventura County and nearby communities with more than 30 years of custom shutters, shades, blinds, commercial roller shades, and window covering experience.",unchanged; year/experience unconfirmed
https://www.805shutters.com/book-consultation/,JSON-LD[0] $.@graph[0].foundingDate,1995,unchanged; year/experience unconfirmed
https://www.805shutters.com/official/,JSON-LD[0] $.@graph[0].description,"805 Shutters is a family-owned local window treatment company serving Ventura County and nearby communities with more than 30 years of custom shutters, shades, blinds, commercial roller shades, and window covering experience.",unchanged; year/experience unconfirmed
https://www.805shutters.com/official/,JSON-LD[0] $.@graph[0].foundingDate,1995,unchanged; year/experience unconfirmed
https://www.805shutters.com/privacy-policy/,JSON-LD[0] $.@graph[0].description,"805 Shutters is a family-owned local window treatment company serving Ventura County and nearby communities with more than 30 years of custom shutters, shades, blinds, commercial roller shades, and window covering experience.",unchanged; year/experience unconfirmed
https://www.805shutters.com/privacy-policy/,JSON-LD[0] $.@graph[0].foundingDate,1995,unchanged; year/experience unconfirmed
https://www.805shutters.com/thank-you/,JSON-LD[0] $.@graph[0].description,"805 Shutters is a family-owned local window treatment company serving Ventura County and nearby communities with more than 30 years of custom shutters, shades, blinds, commercial roller shades, and window covering experience.",unchanged; year/experience unconfirmed
https://www.805shutters.com/thank-you/,JSON-LD[0] $.@graph[0].foundingDate,1995,unchanged; year/experience unconfirmed
https://www.805shutters.com/llms.txt,line 10,Experience claim: more than 30 years serving local homes and businesses,unchanged; year/experience unconfirmed
https://www.805shutters.com/ai-search-feed.json,$.entity.experience,More than 30 years serving local homes and businesses,unchanged; year/experience unconfirmed
https://www.805shutters.com/ai-site-index.json,$.pages[0].intent,Family-owned since 1995,unchanged; year/experience unconfirmed
https://www.805shutters.com/ai-site-index.json,$.pages[1].description,"Learn about 805 Shutters, a family-owned Ventura County window treatment company with over 30 years of local experience and 5-star Yelp reviews.",unchanged; year/experience unconfirmed
