url,recommended_h1
https://www.805shutters.com/shutters/,Custom Shutters in Ventura County
https://www.805shutters.com/shades/,Custom Window Shades in Ventura County
https://www.805shutters.com/blinds/,Custom Blinds in Ventura County
https://www.805shutters.com/window-treatments/,Window Treatments in Ventura County
https://www.805shutters.com/window-coverings/,Window Coverings in Ventura County
https://www.805shutters.com/commercial-window-coverings/,Commercial Window Coverings in Ventura County
https://www.805shutters.com/commercial-roller-shades/,Commercial Roller Shades in Ventura County
https://www.805shutters.com/contact/,Contact 805 Shutters
https://www.805shutters.com/faq/,Shutters Shades and Blinds FAQ
https://www.805shutters.com/gallery/,Window Treatment Gallery
https://www.805shutters.com/ventura-county-window-treatments-camarillo-blinds-shades-shutters/,Ventura County Window Treatments
https://www.805shutters.com/blinds/ventura-county/,Custom Blinds in Ventura County
https://www.805shutters.com/window-treatments/camarillo/,Window Treatments in Camarillo CA
